harmful-breakable-walk,harmful-breakable-walkBig,harmful-breakable-fly,harmful-breakable-flyBig,harmful-breakable-shooter,harmful-breakable-shooterBig,harmful-breakable-shooterFly,harmful-breakable-shooterFlyBig,harmful-indestructible-fixed,harmful-indestructible-fixedBig,harmful-indestructible-walk,harmful-indestructible-walkBig,harmful-indestructible-fly,harmful-indestructible-flyBig,harmful-indestructible-shooter,harmful-indestructible-shooterBig,harmful-indestructible-shooterFly,harmful-indestructible-shooterFlyBig,friendly-powerUp,friendly-vehicle,friendly-help,friendly-jump,friendly-move,friendly-teleport,friendly-puzzle,friendly-coin
28,15,0,8,0,0,0,0,203,0,0,0,0,0,0,0,0,0,0,0,0,0,92,0,0,0
0,0,0,0,0,0,0,0,163,1,0,0,0,0,0,0,0,0,0,0,81,0,1,2,0,12
2,0,0,0,0,0,0,0,0,0,30,0,25,0,25,0,0,0,100,0,171,298,72,53,21,13
16,3,17,3,5,1,0,3,0,3,0,0,0,11,34,0,0,0,11,0,9,28,10,3,0,12
15,4,2,0,0,0,0,0,0,0,0,0,0,0,1,0,0,0,0,0,5,1,0,22,0,71
0,0,0,0,0,0,0,0,136,2,0,0,0,0,0,0,0,0,6,13,12,0,0,6,0,66
3,2,0,0,0,2,0,0,29,19,4,8,0,0,28,0,0,0,17,5,88,137,19,17,38,58
52,0,0,0,46,0,0,0,21,0,13,0,0,0,36,1,0,0,0,7,98,659,0,6,23,0
0,0,0,4,0,0,0,0,13,2,4,0,7,6,35,15,0,0,79,0,4,12,130,16,0,0
0,1,0,0,0,0,0,0,21,11,0,0,0,0,5,0,0,0,1,0,2,16,14,4,6,0
0,0,0,0,0,0,0,0,0,0,0,0,0,0,0,0,0,0,0,0,0,0,0,0,0,0
23,0,6,8,1,0,0,0,27,11,0,0,0,0,5,0,0,0,0,0,15,0,0,8,1,5
13,0,0,0,6,0,0,0,244,9,1,0,0,0,0,0,0,0,15,1,35,7,138,34,2,130
0,0,0,0,0,2,0,0,1043,0,0,0,0,0,0,0,0,0,0,1,140,6,0,0,1,13
32,1,14,0,8,1,0,0,46,0,0,1,0,0,13,0,0,0,10,1,7,17,99,15,1,3
14,0,0,0,0,0,0,0,69,8,21,9,2,0,15,0,0,0,5,6,4,3,23,15,5,60
3,0,0,0,0,0,0,0,36,71,1,0,0,0,3,2,0,0,8,0,1,3,28,14,0,451
4,0,0,0,8,0,0,0,15,0,0,0,12,0,0,0,0,0,31,1,4,48,0,0,11,49
0,0,0,0,0,0,0,0,131,0,0,0,28,37,0,0,0,0,0,0,0,8,0,0,0,220
6,0,0,0,0,0,0,0,41,19,6,0,0,0,21,0,0,0,2,2,13,21,105,23,2,119
12,0,2,0,7,0,0,0,33,13,11,1,9,0,37,1,0,0,3,1,25,14,38,38,8,54
2,1,1,1,3,0,8,0,20,1,10,5,12,6,14,2,0,0,74,12,5,1,49,5,1,7
2,0,0,0,0,0,0,0,36,0,0,0,4,0,61,0,0,0,12,1,12,27,29,29,2,58
6,5,0,0,6,0,0,0,10,17,1,0,1,0,3,0,0,0,6,0,235,6,0,4,0,76
0,0,0,0,1,1,0,0,30,7,1,0,0,0,28,0,0,0,6,4,15,23,60,46,18,14
14,2,0,0,0,0,0,0,41,5,0,1,14,17,25,0,0,0,0,0,0,32,1,0,0,41
0,0,0,0,18,1,0,0,176,26,0,0,0,0,27,0,0,0,52,0,176,10,51,13,4,164
0,0,0,0,0,0,0,0,15,0,0,0,0,0,0,0,0,0,90,0,0,279,8,6,200,582
15,1,5,0,1,0,0,0,24,19,4,1,10,0,10,0,0,0,2,0,21,6,20,13,3,283
11,23,2,3,10,0,0,0,92,1,1,1,1,1,6,0,0,0,4,5,7,65,65,7,1,57
6,0,0,0,51,0,0,0,0,10,0,0,12,0,2,0,0,0,21,0,13,0,9,13,5,0
2,1,2,2,0,0,0,0,5,6,0,0,13,2,0,0,0,0,11,0,336,1,19,18,5,51
10,0,0,0,17,0,0,0,92,8,7,0,0,0,6,0,0,0,0,18,0,2,0,0,0,0
27,0,0,0,0,0,0,0,308,16,43,0,0,0,15,0,0,0,94,0,0,103,257,5,21,0
86,2,0,2,0,0,0,0,43,0,0,3,2,0,4,2,0,0,0,0,0,28,0,0,1,100
1,6,0,2,0,1,0,0,97,70,2,1,4,21,2,0,0,0,4,5,41,42,23,15,9,161
18,6,3,2,10,0,1,0,4,3,3,0,2,5,6,0,0,0,33,2,367,20,12,0,1,0
6,1,0,0,0,0,0,0,0,0,0,0,0,0,0,0,0,0,2,0,185,2,72,6,0,77
8,0,0,0,9,0,0,0,244,0,0,0,0,0,0,0,0,0,14,0,19,3,10,15,0,175
0,0,0,0,0,0,0,0,0,51,1,0,0,0,0,0,0,0,0,0,23,0,0,0,0,0
0,0,0,0,0,0,0,0,290,13,0,0,0,0,0,0,0,0,0,0,21,32,0,2,0,0
15,0,17,0,2,0,0,0,40,9,5,0,1,0,68,0,0,0,0,1,18,10,152,30,2,80
8,16,17,4,0,0,0,0,157,21,0,0,46,0,7,0,0,0,17,0,336,507,40,39,8,387
0,0,0,0,0,0,0,0,0,0,2,89,0,0,0,0,0,0,0,0,0,3,3,0,0,339
10,0,4,1,0,0,0,0,6,1,8,1,1,1,3,2,0,0,1,1,2,0,93,6,0,99
0,0,0,0,0,0,0,0,25,28,0,0,0,0,0,0,0,0,1,0,129,0,0,4,0,198
36,0,0,0,0,0,0,0,135,1,0,0,0,0,0,0,0,0,1,0,0,36,1,1,0,73
0,0,0,0,0,0,0,0,85,0,0,0,67,1,0,0,0,0,0,0,0,0,0,0,0,0
0,0,0,0,0,0,0,0,0,0,2,0,0,0,0,0,0,0,4,0,57,0,2,18,0,0
8,0,0,0,0,0,0,0,198,2,0,0,1,0,0,0,0,0,3,0,52,41,9,11,1,9
2,2,0,1,2,0,0,0,1,19,0,0,0,0,0,0,0,0,12,2,3,3,93,28,58,4
0,0,0,0,0,0,0,0,350,13,0,0,0,0,0,0,0,0,0,0,8,0,0,0,0,0
0,0,3,0,0,0,0,0,0,6,0,0,0,0,1,0,0,0,1,0,0,5,0,8,6,18
0,0,0,0,0,0,0,0,0,44,0,0,1,0,0,0,0,0,0,0,28,0,0,0,0,0
124,0,0,0,0,0,0,0,264,0,76,0,0,0,0,0,0,0,2,0,9,219,2,16,0,12
0,0,24,0,0,0,0,0,4,0,7,0,0,0,2,0,0,0,1,0,8,0,0,3,0,75
2,1,1,0,0,0,0,0,35,28,0,1,0,0,1,0,0,0,4,0,266,17,42,4,6,183
5,1,0,0,0,0,0,0,107,4,1,3,8,5,0,1,0,0,1,0,13,0,59,6,0,185
0,0,12,0,0,0,0,0,0,0,0,0,0,0,0,0,0,0,8,0,1,80,22,0,0,266
79,0,0,0,1,0,1,0,46,5,24,0,0,4,12,0,0,0,18,1,105,127,80,14,1,32
7,1,0,0,6,0,0,0,41,6,5,0,1,0,1,0,0,0,39,0,72,17,67,142,4,112
19,0,0,0,0,0,0,0,10,0,0,0,0,0,4,0,0,0,0,0,11,0,0,8,1,63
39,7,0,0,0,0,0,0,100,3,0,0,0,0,0,0,0,0,0,0,2,4,2,16,1,18
5,0,1,0,1,0,0,0,1065,60,0,0,2,0,0,0,0,0,0,0,0,234,0,4,2,130
0,0,0,0,0,0,0,0,51,28,0,0,1,9,0,0,0,0,0,0,0,82,4,0,1,125
3,0,1,0,0,0,0,0,41,0,0,0,0,0,0,0,0,0,1,0,2,3,0,6,0,2
1,0,0,0,0,0,0,0,9,4,0,0,0,0,0,0,0,0,0,0,2,10,2,8,4,0
11,1,0,0,0,0,0,0,0,0,1,0,0,0,61,0,0,0,3,3,16,0,16,29,1,209
0,0,0,0,65,0,0,0,0,0,0,0,0,0,0,0,0,0,0,0,170,116,0,0,0,0
2,0,0,0,0,0,0,0,840,20,0,0,0,0,0,0,0,0,2,0,0,22,0,4,0,0
7,3,0,0,2,0,0,0,169,14,4,1,3,0,3,1,0,1,2,0,53,104,28,12,5,22
3,0,0,0,0,0,0,0,1487,26,0,0,0,0,23,0,0,0,0,0,0,1,0,0,0,0
79,2,1,3,0,0,0,0,0,0,2,0,0,0,8,0,0,0,2,0,20,268,0,8,0,88
0,0,0,0,0,0,0,0,282,102,0,0,2,7,7,0,0,0,4,29,878,1021,4,35,1,0
75,0,0,0,1,0,1,0,8,11,2,0,0,12,0,0,0,0,11,1,97,100,60,11,2,12
7,1,0,0,0,0,0,0,0,0,0,0,0,0,0,1,0,0,5,0,224,0,26,6,0,139
19,9,0,0,0,0,0,0,257,6,0,0,6,0,83,0,0,0,43,0,55,14,14,75,1,4
0,0,0,0,9,0,0,0,17,1,1,0,0,0,17,0,0,0,4,1,9,36,109,2,3,44
1,0,0,0,0,0,0,0,4,0,0,0,7,1,0,0,0,0,1,0,13,1,4,22,1,59
9,4,0,0,1,0,0,0,22,6,6,0,0,0,0,0,0,0,8,3,82,1,133,16,3,68
4,0,0,0,2,0,0,0,2,1,0,0,0,0,0,0,0,0,1,0,81,7,13,18,4,13
0,0,0,0,0,0,0,0,62,13,0,0,0,0,9,1,0,0,0,0,70,84,26,8,1,0
0,0,0,0,11,0,0,0,118,1,0,0,15,12,0,0,0,0,0,11,3,0,5,4,0,19
10,0,0,0,1,1,0,0,81,81,2,0,0,0,50,0,0,0,2,0,13,11,61,17,4,93
7,0,0,0,0,0,0,0,28,8,0,0,0,0,4,0,0,0,4,6,10,5,6,5,1,6
0,0,0,0,0,0,0,0,0,0,0,0,0,0,113,0,0,0,0,0,208,286,25,4,42,1
7,1,0,0,0,1,0,0,49,22,4,1,2,3,27,0,0,0,7,0,18,65,111,13,0,95
3,0,0,0,0,0,0,0,77,3,0,0,0,0,3,0,0,0,2,0,10,3,28,9,0,66
10,0,2,0,5,0,0,0,76,31,0,0,26,1,43,0,2,1,1,8,30,46,148,23,7,137
18,0,1,0,3,0,0,0,1103,49,0,0,6,0,4,0,0,0,0,0,0,53,1,4,0,0
0,15,0,1,0,0,0,0,1,0,1,0,0,0,0,0,0,0,2,0,5,35,21,18,1,467
0,0,0,0,0,14,0,0,27,3,0,0,5,2,14,1,0,0,65,0,278,26,83,58,47,64
0,0,0,0,0,0,0,0,456,170,0,0,0,0,4,0,0,0,2,0,33,6,44,6,0,52
5,1,0,0,0,0,0,0,96,0,0,0,0,0,2,0,0,0,0,0,2,1,6,2,3,31
0,0,0,0,0,0,0,0,1,0,0,0,0,0,1,0,0,0,1,0,9,36,46,11,3,119
0,1,0,0,1,0,0,0,5,0,0,0,0,0,9,1,0,0,44,0,159,2,11,14,2,43
0,0,0,0,0,0,0,0,0,11,0,0,0,0,2,0,0,0,8,0,148,21,26,0,0,0
1,0,1,0,0,0,1,0,2,0,0,0,0,0,2,0,0,0,0,1,12,0,0,9,0,57
12,0,0,0,0,0,0,0,282,40,0,0,17,3,36,0,0,0,5,12,26,47,198,18,4,101
0,22,0,0,0,0,0,0,50,41,0,0,0,0,0,0,0,0,1,0,10,7,9,6,0,634
9,0,6,0,0,0,0,0,33,6,0,0,1,0,0,0,0,0,1,0,2,0,8,2,0,64
6,10,0,1,0,3,0,0,176,15,0,1,0,0,2,2,0,0,7,2,248,132,129,31,4,152
0,0,0,0,0,0,0,0,0,0,0,0,0,0,0,0,0,0,0,0,0,0,0,35,1,0
11,5,10,0,0,0,0,0,60,11,2,0,4,2,37,0,4,3,19,2,173,1,92,18,1,109
16,0,1,0,4,1,0,0,42,4,14,1,6,1,43,0,0,0,3,0,13,3,105,17,2,60
2,0,0,0,6,0,0,0,216,0,3,0,0,0,0,0,0,0,0,0,116,46,20,0,0,0
0,0,0,0,0,0,12,0,0,3,0,0,0,0,0,0,0,0,0,1,12,26,7,1,0,118
1,0,0,0,0,0,0,0,16,4,0,0,14,4,0,0,0,1,1,0,1,1,3,4,1,23
0,0,0,0,0,0,0,0,38,0,0,0,0,0,12,0,0,0,0,0,20,4,0,4,0,0
4,11,1,12,1,4,2,4,121,17,0,6,0,12,0,2,0,4,6,0,203,54,20,50,2,62
12,0,0,0,1,0,0,0,553,57,0,0,0,0,0,0,0,0,6,1,1545,446,16,136,34,0
0,0,0,0,0,0,0,0,12,0,0,0,1,0,0,0,0,0,3,0,92,0,0,8,59,74
0,0,0,0,0,0,0,0,0,14,0,0,56,0,0,0,0,0,7,0,0,0,9,0,0,0
19,0,0,0,0,0,0,0,42,0,0,0,0,0,4,0,0,0,51,0,157,19,10,4,0,95
113,0,0,0,0,0,0,0,37,0,0,0,0,0,0,0,0,0,114,0,3,187,32,5,20,0
3,0,0,0,0,0,0,0,868,53,0,0,0,0,1,0,0,0,0,0,1,0,0,12,0,0
0,0,0,0,0,0,0,0,76,2,0,0,0,0,0,0,0,0,0,0,3,0,3,14,0,16
0,0,0,0,0,0,0,0,0,6,0,0,0,0,0,0,0,0,0,0,1,0,0,8,0,11
7,0,0,0,0,0,0,0,101,9,0,0,0,0,1,0,0,0,0,0,602,38,4,0,3,0
9,0,31,0,0,0,0,0,1,0,0,0,0,0,0,9,0,0,1,0,12,0,37,3,0,46
5,0,0,0,5,0,0,0,0,0,0,0,0,0,0,0,0,0,1,1,5,17,37,5,0,7
3,4,0,3,4,1,0,0,58,22,2,0,2,1,3,0,2,0,12,1,58,19,45,16,2,43
3,6,0,0,1,0,0,0,107,2,0,0,0,0,12,5,0,0,5,0,5,1,31,22,2,43
0,0,0,0,0,0,9,0,0,26,0,0,0,0,4,4,0,0,5,24,2,0,0,13,0,0
0,0,0,6,0,0,0,0,9,14,0,0,8,3,0,0,0,0,8,0,0,0,12,0,0,44
12,9,0,0,0,0,0,0,7,2,0,0,0,0,0,0,0,0,0,0,29,40,12,4,4,0
41,0,0,0,0,0,0,0,0,0,0,0,0,0,0,0,0,0,6,0,0,0,0,0,0,0
7,0,0,0,5,0,0,0,54,7,1,0,0,0,1,0,0,0,1,0,6,0,12,6,2,19
0,0,9,0,0,0,0,0,0,0,0,0,0,0,90,0,0,0,0,0,0,6,0,0,0,0
2,14,1,0,5,0,0,0,48,15,5,2,1,0,16,1,0,0,2,3,0,67,2,0,0,457
8,0,2,1,0,0,0,0,7,0,2,0,0,0,2,0,0,0,11,1,0,13,19,6,5,2
9,0,0,0,1,0,0,0,0,0,2,0,0,0,0,0,0,0,1,1,5,0,44,18,0,21
0,0,0,0,0,0,0,0,190,12,0,0,0,0,0,0,0,0,0,0,4,0,0,2,36,943
0,0,0,0,0,0,0,0,50,0,0,0,0,0,0,0,0,0,5,0,0,0,0,0,0,0
5,0,0,0,9,2,1,0,105,21,1,1,2,2,6,0,0,0,12,18,36,38,33,67,7,31
0,0,0,7,3,1,0,0,13,1,0,0,0,0,8,0,0,0,119,0,24,21,70,28,13,166
7,0,0,0,1,0,0,0,199,2,16,0,0,0,5,0,0,0,20,4,43,137,10,23,7,362
0,1,0,0,0,0,0,0,5,2,5,0,0,0,6,0,0,0,21,0,0,10,22,17,3,3
12,0,0,0,15,0,0,0,140,14,0,0,11,0,5,1,0,0,6,1,43,0,12,38,0,308
8,3,0,0,1,0,0,0,1,1,0,1,0,1,0,3,0,0,31,1,105,59,94,8,0,369
14,0,3,0,0,0,0,0,3,1,0,0,0,0,3,0,0,0,13,1,21,49,10,52,1,72
0,0,0,0,0,0,0,0,0,1,12,0,0,0,0,0,0,0,5,0,266,0,5,6,25,0
7,0,0,0,0,0,0,0,4,12,3,0,0,0,3,0,0,0,0,1,2,2,9,9,0,30
7,1,0,0,2,0,0,0,47,9,1,1,1,2,2,0,0,0,3,1,6,19,19,6,4,0
0,0,0,0,2,0,0,0,8,1,1,0,1,0,11,0,0,0,5,1,42,193,35,21,7,3
3,0,0,0,0,0,0,0,30,0,0,0,11,3,1,1,0,0,6,0,2,1,2,8,0,0
6,0,0,0,0,0,0,0,68,0,2,0,108,7,1,0,0,0,3,4,6,3,6,4,0,14
2,0,0,0,2,0,0,0,131,0,12,0,0,0,9,0,0,0,57,2,191,308,33,15,0,12
0,0,0,0,0,0,0,0,9,0,0,0,0,0,35,0,0,0,0,0,0,21,112,8,0,0
92,0,0,0,0,0,0,0,226,0,0,0,0,0,0,0,0,0,117,0,4,233,121,10,24,0
0,0,0,0,0,0,0,0,10,0,0,0,0,0,0,0,0,0,4,0,0,0,1,2,0,0
4,10,9,13,0,2,0,0,23,1,0,0,0,3,35,1,0,0,0,0,0,0,0,0,0,0
3,1,1,0,0,0,0,0,272,11,1,0,2,0,2,0,0,0,9,0,43,11,68,23,1,26
35,3,44,8,0,0,0,0,10,1,0,0,0,0,1,0,0,0,3,0,12,2,6,24,0,95
6,1,0,0,6,0,0,0,4,12,0,0,16,0,1,0,0,0,0,0,10,0,37,14,0,68
0,0,0,0,0,0,0,0,248,0,0,0,0,0,0,0,0,0,0,0,60,0,0,0,0,0
29,0,0,0,0,0,0,0,358,0,29,0,0,0,17,0,0,0,61,1,251,304,64,14,6,147
20,2,5,1,0,0,0,0,1,1,0,0,0,0,1,0,1,1,5,0,16,0,9,0,0,11
8,2,8,1,0,6,0,0,22,13,0,0,0,15,51,2,0,0,2,0,0,41,78,6,0,376
5,0,2,0,1,0,0,0,3,0,0,0,0,0,68,1,1,0,2,1,13,2,6,8,0,93
16,0,0,0,2,0,0,0,24,4,7,0,3,0,4,0,0,0,42,2,10,40,38,20,3,344
0,0,0,0,1,0,0,0,1122,1,8,0,1,0,0,0,0,0,1,2,38,8,0,0,0,0
7,0,0,0,0,0,0,0,164,15,0,0,0,0,7,2,0,0,4,0,4,5,11,18,0,35
2,3,0,0,0,0,0,0,117,4,5,8,1,0,1,3,0,0,3,0,10,0,54,14,0,150
1,0,0,0,1,0,0,0,125,18,2,2,1,0,9,0,2,8,5,0,19,148,90,46,12,53
13,9,0,0,0,0,0,0,3,0,1,0,0,0,1,0,0,0,3,1,0,0,0,22,0,300
20,0,0,0,1,0,0,0,37,1,1,0,0,0,0,0,0,0,4,0,5,1,39,66,2,113
17,6,1,0,6,1,0,0,133,18,17,2,4,7,27,0,0,0,16,11,41,32,78,24,3,89
15,0,13,0,1,0,0,0,177,1,28,0,16,0,0,0,0,0,0,0,12,0,204,5,1,176
7,0,0,0,4,0,0,0,264,15,37,1,19,0,17,0,0,0,1,0,10,37,91,45,5,76
3,0,0,0,0,0,0,0,78,4,22,0,8,9,4,0,0,0,17,6,14,119,17,4,2,26
35,3,0,1,3,0,0,0,92,7,0,0,3,4,9,0,0,0,100,4,8,47,47,14,2,4
8,0,0,1,36,1,0,0,8,0,0,9,0,0,20,4,0,0,96,0,107,256,32,7,0,238
7,1,0,0,0,0,0,0,0,0,0,0,0,0,18,0,0,0,0,0,3,0,6,0,0,2
0,0,0,0,0,0,0,0,93,25,0,2,3,8,0,0,0,0,2,9,5,0,18,8,41,14
10,0,4,0,0,0,0,0,2,0,4,0,4,1,4,0,0,0,1,3,21,9,2,16,0,98
26,1,0,1,0,1,0,0,112,1,0,0,3,0,0,0,0,0,7,1,16,0,3,16,3,36
0,0,0,0,0,0,0,0,414,42,0,0,0,0,121,0,0,0,0,0,1,626,17,65,0,96
3,0,0,0,0,0,0,0,429,28,5,0,0,0,12,1,0,0,4,10,17,0,8,0,0,52
111,0,0,0,0,0,0,0,23,3,0,0,0,0,0,0,0,0,107,0,3,178,43,14,62,20
12,13,1,0,0,0,1,0,84,12,0,0,1,0,0,16,0,1,33,0,5,57,19,10,31,16
6,0,4,0,1,0,0,0,6,8,0,0,8,0,8,0,0,0,10,0,12,0,10,16,2,5
0,0,0,0,0,0,0,0,152,7,0,0,2,0,13,3,0,0,18,3,2,22,108,68,6,4
0,18,0,0,0,0,0,0,3,6,1,0,0,0,27,0,0,0,0,0,329,49,42,5,0,221
84,0,0,0,1,0,1,0,2,2,0,0,10,5,0,0,0,0,7,1,117,88,28,10,2,26
2,2,0,0,0,0,0,0,213,5,0,1,0,8,1,2,0,0,19,0,620,50,55,18,36,85
3,0,0,0,0,0,0,0,1426,0,0,0,1,0,2,0,0,0,0,0,0,11,2,0,0,0
9,3,0,0,0,0,0,0,2,1,0,0,0,0,0,1,0,0,3,0,1,0,77,20,0,23
3,0,0,0,0,0,0,0,127,4,3,0,5,0,1,2,0,0,4,1,7,9,9,11,0,41
5,12,0,3,11,1,0,0,148,36,2,0,25,2,4,0,0,0,3,3,210,38,42,7,3,60
16,0,0,0,0,0,0,0,718,15,38,0,4,0,43,0,0,0,1,3,396,171,55,7,3,296
0,1,0,0,1,0,0,0,177,8,0,0,21,16,0,0,0,0,69,2,0,6,1,5,4,73
2,1,2,0,0,0,0,0,89,0,0,0,0,0,0,0,0,0,6,1,6,3,1,5,0,85
6,0,15,0,0,0,0,0,0,0,0,0,0,0,0,0,0,0,0,0,9,0,37,98,0,25
25,0,24,11,0,0,0,0,52,0,24,0,3,0,8,0,0,0,2,0,12,0,204,8,0,0
0,1,0,0,0,0,0,0,0,2,3,11,2,0,14,0,0,0,11,0,219,5,22,8,2,64
6,0,0,0,0,0,0,0,42,0,0,0,11,6,21,0,0,0,0,0,8,0,11,5,0,49
0,14,0,0,0,8,0,0,114,2,0,6,0,0,0,0,0,0,5,3,106,307,6,0,0,232
2,0,20,6,0,2,0,0,56,9,0,0,8,2,7,0,0,0,2,0,51,57,16,6,7,23
0,0,3,4,0,0,0,0,6,1,0,0,0,0,0,0,0,0,1,1,5,0,5,4,1,20
11,0,3,0,14,1,2,0,64,36,0,1,0,4,16,2,0,0,8,0,10,3,4,8,0,65
7,10,0,4,1,6,0,0,23,19,0,5,0,4,4,0,0,0,48,22,485,58,61,51,0,99
16,8,0,0,3,0,0,0,0,0,3,0,0,0,4,0,0,0,97,0,47,16,39,11,0,136
4,0,1,1,0,0,0,0,20,1,0,0,0,0,9,1,0,0,7,0,2,16,104,1,2,41
4,27,0,0,0,0,0,0,137,0,4,4,0,0,0,0,0,0,9,4,102,44,54,4,0,279
33,0,0,0,0,0,0,0,280,0,0,0,0,0,0,0,0,0,100,0,100,27,39,2,0,856
0,0,0,0,6,0,0,0,14,0,0,0,61,3,1,0,0,0,154,2,14,34,13,2,2,54
0,34,0,0,0,0,0,0,2,19,0,2,0,41,0,3,0,0,3,0,63,7,2,0,0,350
0,3,0,0,54,0,0,0,146,0,72,0,0,0,0,0,0,0,88,0,11,18,52,41,0,0
4,14,0,2,2,0,0,0,141,11,0,0,4,2,8,0,0,0,3,0,16,381,7,18,1,24
7,4,5,0,2,0,0,0,22,44,3,104,0,0,0,0,0,0,81,2,7,104,29,7,0,162
2,7,0,0,64,0,0,0,74,15,8,1,1,5,12,5,0,0,80,43,55,20,23,93,2,26
4,0,0,0,1,0,0,0,0,0,0,0,0,0,0,0,0,0,13,0,34,40,57,6,0,77
8,0,1,0,0,0,0,0,40,0,1,0,0,0,1,0,0,0,4,0,105,6,185,0,0,27
0,0,0,0,0,0,0,0,61,28,0,0,0,0,0,0,0,0,0,0,7,0,43,6,9,1
4,0,0,0,4,0,0,0,5,2,0,0,4,0,3,0,0,0,0,1,1,3,5,1,1,0
1,0,0,0,0,3,6,0,12,17,0,0,0,6,11,0,0,0,25,0,4,24,18,4,3,20
36,0,2,0,3,0,0,0,16,0,0,0,2,0,4,0,0,0,0,2,13,1,1,13,1,20
0,1,0,0,0,0,0,0,16,6,0,0,0,0,6,0,0,0,7,0,114,56,77,49,0,32
7,0,1,0,0,0,0,0,8,0,0,0,0,0,1,0,0,0,0,0,7,0,0,8,0,125
27,0,14,0,2,0,0,0,221,36,1,0,61,11,13,0,0,0,2,1,523,2,25,72,0,0
10,0,0,3,49,5,0,0,39,2,1,0,0,0,10,1,0,0,2,0,7,36,46,16,1,92
14,5,0,0,6,0,0,0,248,18,6,4,11,4,27,0,0,0,43,6,23,37,85,7,4,21
0,0,0,0,0,0,0,0,11,0,0,0,0,0,0,0,0,0,0,0,0,32,2,8,0,0
124,0,0,0,0,0,0,0,322,0,76,0,0,0,0,0,0,0,3,0,13,221,2,4,0,12
1,0,0,0,0,0,0,0,2,0,4,0,0,0,0,0,0,0,0,1,66,34,37,4,1,0
1,0,0,0,0,0,0,0,0,0,49,0,0,0,0,0,0,0,3,0,4,0,14,0,0,319
14,2,0,0,6,0,0,0,306,7,1,0,2,0,2,0,0,0,0,0,83,11,8,53,2,22
0,0,0,0,2,0,0,0,64,7,11,6,18,0,0,0,0,0,5,0,5,0,6,22,24,21
6,0,0,0,1,0,0,0,1556,57,2,0,14,0,8,0,0,0,0,0,8,24,19,6,0,58
0,0,0,0,0,0,0,0,4,75,0,0,0,0,0,0,0,0,0,0,0,0,0,0,0,414
4,0,10,0,3,0,0,0,31,0,3,0,9,0,0,0,0,0,0,0,4,0,1,3,0,29
21,2,0,0,8,0,0,0,106,34,4,1,0,0,0,0,0,0,3,5,65,68,7,8,0,228
18,0,22,1,4,0,0,0,268,3,3,3,6,3,8,0,0,0,5,1,13,0,143,19,2,0
19,0,3,0,3,0,0,0,51,36,2,0,2,1,16,1,0,1,91,1,398,8,168,0,12,90
0,0,0,0,0,0,0,0,3,1,0,0,0,0,0,0,0,0,4,0,0,7,10,4,0,1
0,0,0,0,0,0,0,0,168,9,53,0,0,0,4,0,0,0,85,0,285,25,0,6,0,0
0,0,0,0,0,0,0,0,0,0,0,0,0,0,0,0,0,0,0,0,0,3,3,0,0,51
0,0,0,0,0,1,0,0,30,88,0,3,3,22,11,0,0,0,6,0,30,12,315,23,2,231
1,0,1,0,0,0,0,0,159,15,0,0,2,0,2,0,24,1,0,0,6,1,2,14,0,82
9,4,5,2,3,3,0,0,25,4,28,6,0,0,3,0,0,0,5,2,0,0,5,2,0,13
29,0,0,0,0,0,0,0,0,0,0,0,0,0,42,0,0,0,2,0,0,75,0,2,7,0
0,0,0,0,0,0,0,0,1057,5,0,0,0,11,0,0,0,0,0,0,0,0,0,0,3,77
2,0,9,4,3,0,0,0,10,22,0,0,0,0,1,0,0,0,9,3,18,0,3,13,0,105
0,0,0,0,0,0,0,0,0,27,0,0,0,0,0,3,0,0,3,1,0,1,0,24,0,237
0,0,0,0,0,0,0,0,33,0,0,0,0,0,0,0,0,0,3,0,20,0,5,2,1,0
0,0,0,0,0,0,0,0,25,0,0,0,0,0,0,0,0,0,57,0,6,184,138,45,5,0
0,2,0,0,0,0,0,0,70,2,0,0,43,0,4,2,0,0,9,0,6,5,1,10,0,1
13,4,0,0,0,0,0,0,4,0,2,0,0,0,0,0,0,0,5,1,22,78,7,24,0,142
0,0,0,0,3,0,0,0,108,0,0,0,1,0,99,0,0,0,36,0,40,206,1,14,6,0
0,0,0,0,0,0,0,0,22,9,0,0,21,0,0,0,0,0,0,0,26,0,14,12,0,171
9,37,0,1,6,0,2,0,150,28,0,0,4,3,13,0,0,0,1,0,15,12,48,86,0,91
0,0,0,5,1,0,0,0,27,0,2,0,7,7,4,0,0,0,1,0,11,0,16,10,1,41
0,0,0,0,0,0,0,0,2,3,0,0,38,2,0,0,0,0,4,0,5,0,2,6,0,53
0,0,0,1,0,0,0,0,52,36,0,0,0,0,3,0,0,0,0,2,0,16,2,0,0,304
7,0,17,0,0,0,0,0,0,0,0,0,3,0,2,0,0,0,22,1,5,5,12,6,18,570
24,1,2,1,0,0,0,0,6,0,1,0,0,0,4,1,1,0,1,0,3,9,9,3,0,0
0,0,0,0,0,0,0,0,22,0,0,0,0,0,0,0,0,0,0,0,0,0,4,0,0,0
3,0,1,0,0,0,0,0,19,0,0,0,17,12,2,0,0,0,0,0,17,60,24,0,1,0
2,8,0,2,19,0,0,0,11,17,0,0,27,1,1,1,0,0,0,1,3,9,3,1,1,131
2,4,0,0,0,2,0,0,14,10,3,0,0,0,0,0,0,0,16,0,1,6,18,14,6,4
0,0,0,0,0,0,0,21,52,44,0,0,0,52,56,0,0,0,9,0,16,9,363,8,1,595
0,0,0,0,0,0,0,0,30,0,0,0,0,0,0,0,0,0,7,0,36,0,14,20,0,0
4,2,0,0,0,0,0,0,4,2,0,1,0,1,0,3,0,0,5,13,16,14,0,8,0,0
0,1,0,0,0,0,0,0,41,20,0,0,0,0,0,2,0,0,13,0,0,13,69,46,10,231
10,0,4,0,3,0,0,0,32,2,2,0,0,0,5,2,0,0,0,0,8,0,5,6,0,43
0,0,0,0,0,6,0,0,94,5,0,0,81,28,8,0,0,0,1,1,62,7,4,4,2,91
3,0,12,0,0,0,0,0,98,0,27,0,13,3,0,0,0,0,0,1,17,0,75,10,0,4
0,0,0,0,0,0,0,0,0,0,0,0,0,0,0,0,0,0,3,0,0,106,0,0,0,0
6,3,42,0,0,0,0,0,294,1,0,0,0,0,0,0,0,0,59,0,93,6,10,2,0,940
5,0,0,0,0,0,0,0,14,0,0,0,0,8,3,0,0,0,3,0,7,1,9,6,0,76
1,2,6,7,1,0,0,0,1,3,0,0,0,4,3,1,0,0,9,26,9,15,6,29,3,375
1,0,0,0,1,0,0,0,84,2,0,1,0,0,0,0,0,0,3,1,6,3,52,81,2,278
4,0,0,0,0,0,0,0,90,0,0,0,0,0,0,0,0,0,0,0,2,21,4,0,0,64
0,0,0,0,0,0,0,0,338,1,0,0,0,0,0,0,0,0,5,0,6,0,64,8,1,289
19,0,3,0,0,0,0,0,0,0,0,0,0,0,0,0,0,0,0,0,7,0,74,3,0,64
23,12,2,2,11,3,1,4,303,11,22,15,2,2,32,4,0,0,15,13,20,11,51,30,6,49
3,0,0,0,27,0,0,0,44,21,8,0,0,0,55,0,0,0,4,3,20,4,58,66,9,90
12,0,0,0,0,0,0,0,36,0,0,0,0,0,0,0,0,0,0,0,0,9,0,0,0,0
3,0,2,0,3,0,0,0,58,39,8,0,65,0,14,0,0,0,31,1,457,12,11,12,2,37
0,0,0,0,0,0,0,0,2005,1,4,2,0,0,0,0,0,0,0,0,0,1,0,2,0,0
0,0,0,0,0,0,0,0,44,0,0,0,0,0,0,0,0,0,1,0,137,81,1,8,11,284
8,1,0,0,1,0,0,0,206,7,0,0,6,0,0,0,0,0,10,1,2,12,142,22,5,50
3,0,0,0,2,0,0,0,11,7,0,0,0,10,2,0,0,0,1,1,0,28,18,12,2,9
18,0,0,0,1,0,0,0,95,3,4,0,0,0,11,1,0,0,7,2,27,14,19,11,0,49
7,2,3,0,5,0,1,0,20,5,0,1,2,3,2,0,0,0,2,0,17,4,15,9,0,99
0,0,0,0,1,0,0,0,520,0,0,0,0,0,2,0,0,0,3,0,63,0,0,1,19,0
0,0,0,0,0,0,0,0,135,0,0,0,0,0,0,0,0,0,34,0,0,20,20,2,0,0
1,0,0,0,0,0,0,0,90,2,1,1,18,1,2,0,0,0,0,0,7,3,3,18,5,0
0,0,0,0,0,0,0,0,17,20,0,0,23,0,0,0,0,0,1,0,0,34,0,4,0,323
0,0,44,0,3,14,0,0,6,1,29,0,58,0,31,2,0,0,1,4,544,0,72,21,0,23
12,0,0,0,0,0,0,0,15,0,11,0,0,0,0,0,0,0,0,0,5,37,36,7,1,7
21,0,2,0,0,0,0,0,1079,0,0,0,0,0,5,0,0,0,39,0,3,34,13,3,1,3
0,0,0,0,8,0,1,0,15,0,0,0,0,0,0,0,0,0,1,2,125,0,1,32,0,2
6,1,8,0,0,0,0,0,0,0,0,0,0,0,7,0,0,0,12,44,9,4,0,6,0,162
0,0,0,0,0,0,0,0,44,12,4,0,32,46,6,0,0,0,3,0,16,63,116,53,2,68
1,0,4,0,11,0,0,0,113,3,8,0,0,1,7,0,0,0,3,0,6,14,20,21,16,7
0,9,0,0,0,0,0,0,249,1,0,0,0,0,84,2,0,0,0,0,0,6,32,0,0,253
2,0,0,0,0,0,0,0,18,0,0,0,10,0,0,0,0,0,3,0,11,0,0,0,0,38
1,0,0,5,0,0,0,0,113,29,2,0,4,6,17,0,0,0,8,6,2,27,243,18,0,119
0,0,0,0,0,0,0,0,0,0,0,0,0,0,0,0,0,0,0,0,0,1,98,4,0,0
0,0,0,0,0,0,0,0,29,8,0,0,0,0,0,0,0,0,8,0,4,2,18,32,2,22
0,1,0,0,0,5,0,0,362,23,1,16,0,27,12,7,0,0,0,0,46,117,260,4,0,406
0,0,2,0,0,0,0,0,21,0,1,0,7,0,8,0,0,0,0,1,77,12,0,4,0,0
0,3,0,0,0,0,1,0,45,1,1,0,1,2,0,0,1,0,2,1,10,4,14,20,1,26
3,70,0,0,0,1,0,0,34,5,0,1,0,0,14,1,0,0,0,0,0,0,2,0,0,133
9,0,3,0,0,0,0,0,33,3,0,0,0,0,1,0,0,0,0,0,559,22,28,4,1,118
0,3,6,0,0,0,0,0,20,8,0,0,0,3,3,1,0,1,5,1,13,9,30,6,1,70
31,0,0,0,1,0,0,0,34,0,30,0,0,0,0,0,0,0,94,0,25,0,3,8,0,481
2,2,8,3,0,4,0,0,57,30,2,0,16,19,8,0,0,0,17,6,403,11,15,17,1,4
14,0,0,0,0,0,0,0,101,0,0,0,0,0,8,0,0,0,0,0,206,22,13,10,3,19
0,0,0,0,0,0,0,0,0,0,0,0,10,14,0,0,0,0,0,0,0,0,0,0,0,0
7,0,2,1,0,0,0,0,10,1,6,0,0,0,1,0,0,0,0,1,4,0,0,0,0,23
6,5,0,0,1,2,0,0,42,5,0,1,0,0,30,2,0,0,12,6,9,52,72,25,4,39
34,4,6,2,1,0,0,0,2,0,7,3,0,1,0,0,0,0,86,42,0,0,0,0,0,0
10,35,6,0,17,1,3,0,230,26,0,0,6,0,1,0,0,0,3,0,15,5,31,136,0,132
8,0,0,0,0,0,0,0,0,0,0,0,0,0,0,0,0,0,2,0,24,0,0,21,15,2
2,0,0,0,0,0,0,0,0,0,0,0,0,0,22,0,0,0,0,0,3,0,5,6,0,32
4,1,0,0,1,0,0,0,28,3,2,0,0,0,0,0,0,0,0,0,1,1,2,4,0,9
33,13,0,0,0,0,0,0,632,75,2,0,0,0,5,1,0,0,140,3,2,139,71,29,11,0
0,0,0,0,0,0,0,0,17,4,2,0,2,0,6,0,0,0,1,1,2,0,18,24,3,0
6,0,0,0,4,0,0,0,171,6,0,0,0,0,2,0,0,0,0,1,7,0,1,10,0,77
12,0,0,0,0,0,0,0,63,10,0,0,0,0,1,0,0,0,6,0,4,11,16,16,0,156
0,0,0,0,0,0,0,0,0,0,0,0,0,0,4,0,0,0,3,0,0,22,10,0,0,20
5,0,22,0,0,0,0,0,35,0,11,0,0,0,0,0,0,0,1,0,78,18,4,6,2,21
0,0,1,0,0,0,0,0,46,16,2,0,0,0,0,0,0,0,0,0,0,1,11,7,7,18
4,4,0,1,1,0,4,0,113,11,6,0,0,1,0,1,0,0,5,15,149,140,13,28,0,25
5,0,0,0,0,0,0,0,57,20,0,0,0,0,1,0,0,0,6,0,44,0,49,16,54,82
0,0,0,0,0,0,0,0,4,4,0,0,0,0,18,0,0,0,0,1,5,0,0,1,0,3
0,0,0,0,0,0,0,0,12,0,0,0,52,0,15,0,0,0,1,1,46,6,4,8,8,42
0,0,0,0,0,0,0,0,1,0,0,0,0,0,0,0,0,0,2,4,1,8,23,6,1,0
0,0,0,0,0,0,0,0,42,14,0,0,0,0,0,0,0,0,3,0,26,0,0,0,0,0
1,2,0,0,0,0,0,0,785,1,0,1,1,0,5,0,0,0,9,0,26,42,11,33,2,5
0,38,0,0,0,8,0,0,107,0,0,11,0,0,0,0,0,0,58,8,154,82,3,1,0,232
7,0,1,0,12,0,0,0,345,18,0,0,3,0,0,0,0,0,0,0,37,14,3,10,0,1
1,1,0,0,0,1,0,0,67,1,1,1,3,0,0,0,0,0,73,0,217,9,1,24,5,38
1,0,0,0,0,0,0,0,1295,17,35,0,0,0,0,0,0,0,0,0,0,0,0,0,0,69
2,18,1,4,0,0,0,0,1,4,1,4,0,0,0,3,0,0,9,2,3,144,161,19,1,181
0,0,0,0,0,0,0,0,14,0,0,0,0,0,1,0,0,0,0,0,546,16,0,0,0,0
5,0,0,0,0,0,0,0,0,0,0,0,0,0,0,0,0,0,1,0,35,190,58,98,123,232
0,0,0,0,0,0,0,0,348,74,0,0,0,0,40,0,0,0,1,0,3,752,9,6,0,0
32,0,0,0,0,0,2,0,0,0,30,0,0,0,18,0,0,0,101,0,0,210,3,4,39,0
0,0,2,0,4,0,0,0,14,8,0,0,14,5,5,0,0,0,16,20,0,25,13,2,1,0
9,0,14,0,10,0,0,0,46,29,6,0,0,0,16,0,0,0,0,2,10,69,43,19,0,59
0,0,0,0,0,0,0,0,113,0,0,0,0,0,0,0,0,0,0,0,31,0,0,0,0,0
10,0,2,1,0,0,0,0,2,4,5,0,0,0,0,0,0,0,4,0,23,2,1,6,0,36
0,0,0,0,0,0,0,0,0,0,0,0,0,0,0,0,0,0,7,0,26,100,13,10,0,19
11,0,2,0,0,3,0,0,25,10,2,0,11,4,8,0,0,0,5,3,35,25,49,29,2,157
0,0,0,0,1,0,0,0,483,5,18,6,0,0,2,0,0,0,1,1,0,6,2,0,0,0
14,9,3,0,3,0,1,0,2,0,0,0,6,0,14,0,0,2,69,7,0,0,67,0,0,395
17,0,0,0,34,0,0,0,307,12,0,0,1,0,0,0,0,0,15,2,28,12,198,20,7,73
7,0,2,0,2,0,0,0,4,0,0,0,0,0,1,0,0,0,0,0,11,1,0,6,0,72
0,0,0,0,0,0,0,0,182,0,0,0,0,0,2,0,0,0,0,1,0,0,2,4,1,24
0,0,0,0,23,0,0,0,90,1,0,0,0,0,1,1,0,0,0,0,5,0,0,8,0,0
14,0,0,0,6,0,0,0,3,0,0,0,3,0,5,0,0,0,1,3,6,54,21,12,3,0
0,0,0,0,0,0,0,0,67,4,0,0,0,0,1,0,0,0,0,0,2,2,13,0,3,1
7,0,0,0,0,0,0,0,144,2,0,0,7,0,7,3,0,0,6,1,18,0,9,30,3,22
2,16,0,0,7,6,0,0,834,30,0,1,0,15,10,0,0,0,28,0,55,110,24,71,21,13
3,0,0,0,1,0,0,0,23,3,1,0,31,0,20,0,0,0,6,0,48,23,235,36,5,11
1,0,0,0,5,0,1,0,1103,0,5,0,77,0,3,0,0,0,3,2,0,1,0,0,0,0
0,0,0,0,0,0,0,0,0,0,0,0,0,0,0,0,0,0,1,0,0,0,0,0,0,0
2,0,3,0,0,0,0,0,65,11,0,0,4,6,0,1,0,0,1,0,11,2,5,9,2,15
0,0,0,0,0,20,0,0,115,1,0,0,21,0,0,1,0,0,13,0,182,66,33,30,23,0
0,0,0,27,0,0,0,0,58,7,0,34,0,32,23,0,0,0,0,0,0,11,2,4,0,560
1,0,0,0,0,0,0,0,35,4,0,0,22,9,3,0,0,0,101,17,14,6,8,15,7,186
0,0,0,0,0,0,0,0,30,5,19,3,11,19,8,0,0,0,1,0,11,0,3,11,2,58
0,0,1,1,0,1,0,0,333,22,0,0,0,40,3,0,0,0,0,1,0,34,19,0,1,0
23,2,1,4,4,0,0,0,277,18,2,0,3,0,0,0,0,0,0,4,15,16,4,19,1,19
9,6,5,1,0,0,0,0,1,1,0,0,0,0,0,0,0,0,3,4,6,2,57,10,1,45
30,0,2,0,0,0,0,0,965,4,0,0,1,1,0,0,0,0,0,0,0,8,0,4,0,0
19,0,0,0,5,0,0,0,288,89,0,0,0,0,2,0,0,0,7,1,14,27,46,14,0,190
0,4,0,0,0,0,0,0,1970,1,0,3,0,0,0,1,0,0,0,0,0,3,20,4,1,0
6,0,0,0,0,0,0,0,209,31,0,0,0,0,6,0,0,0,46,0,73,11,5,0,0,77
0,0,1,1,0,0,0,0,16,7,12,0,1,2,1,1,0,0,8,1,7,5,23,9,42,32
0,0,0,0,0,0,0,0,26,0,0,0,18,0,1,3,0,0,24,3,4,85,11,8,0,3
0,0,0,0,0,0,0,0,12,0,0,0,0,0,0,0,0,0,0,1,4,1,0,2,0,12
7,0,0,16,7,0,0,0,14,2,0,0,0,4,0,0,0,0,25,3,17,7,142,41,4,7
0,13,0,5,0,0,0,0,538,53,0,16,0,8,0,3,0,0,4,0,27,0,232,9,0,20
0,0,0,0,0,0,0,0,581,0,0,0,0,0,0,0,0,0,1,0,21,0,0,6,0,109
16,40,0,9,3,0,0,0,263,22,6,11,0,0,20,1,0,0,7,13,0,31,5,14,19,346
4,0,2,1,2,4,1,0,15,0,0,0,4,0,0,0,0,0,0,1,15,1,2,8,0,27
27,0,2,0,26,0,0,0,156,5,3,0,3,9,23,0,0,0,16,3,0,99,20,12,4,4
19,0,5,0,0,0,0,0,139,10,0,0,0,0,1,0,0,0,0,0,227,237,19,0,1,175
8,0,2,0,0,0,0,0,46,0,0,0,0,8,3,0,0,0,0,0,0,52,18,0,0,0
4,0,0,0,0,0,0,0,12,2,0,0,0,0,3,0,0,0,0,0,0,29,11,0,0,0
0,0,0,0,0,0,0,0,65,8,22,9,0,0,50,0,0,0,104,7,4,1,22,18,11,49
30,0,6,0,0,0,0,0,1,0,0,0,0,0,1,0,0,0,0,0,6,10,1,5,0,88
0,0,0,0,0,0,0,0,0,0,0,0,0,0,0,0,0,0,0,0,4,1,23,2,0,11
0,0,0,0,0,0,0,0,0,4,0,0,0,0,4,0,0,0,155,0,88,2,3,11,0,0
0,0,0,0,0,0,0,0,0,0,0,0,0,0,8,0,0,0,36,1,239,0,1,8,4,156
3,0,8,2,0,0,0,0,2,0,5,1,4,1,0,0,0,0,2,0,2,0,31,2,0,20
6,0,0,0,2,0,2,0,60,49,0,0,3,0,0,1,0,0,1,0,4,11,0,12,4,0
5,0,0,0,0,0,0,0,6,0,0,0,0,0,12,0,0,0,0,0,0,0,0,4,0,0
7,0,0,0,5,0,0,0,113,23,4,0,2,0,75,0,0,0,1,0,21,1,51,45,33,76
1,0,0,3,0,0,0,0,147,44,0,4,11,28,20,0,0,0,3,7,29,12,15,15,1,240
11,0,9,0,4,0,0,0,220,0,35,7,5,3,5,0,0,0,4,3,15,0,96,17,1,43
10,1,0,0,0,0,0,0,7,1,0,0,0,0,2,0,0,0,3,0,6,2,46,0,0,0
2,6,0,0,1,0,0,0,164,3,7,0,28,0,13,1,0,0,29,10,70,843,12,32,6,29
3,0,0,0,0,0,0,0,64,0,0,0,0,0,2,0,0,0,3,3,773,19,0,10,21,38
0,0,0,0,0,0,0,0,130,2,0,0,55,13,0,0,0,0,92,24,7,47,4,18,2,43
2,0,0,0,1,0,0,0,27,3,3,0,0,0,1,0,0,0,5,0,4,6,11,4,4,18
1,0,0,0,1,0,0,0,13,7,0,0,0,0,6,0,0,0,1,1,2,5,18,12,89,17
6,0,0,0,0,0,0,0,0,0,2,0,0,0,0,0,0,0,0,0,1,0,1,26,0,14
14,4,6,90,0,0,0,0,0,0,0,0,0,0,0,0,0,0,1,1,7,5,0,14,0,32
32,0,0,0,117,0,0,0,310,0,0,0,0,0,3,0,0,0,189,43,5,216,0,4,0,36
0,0,0,0,0,1,0,0,94,0,2,0,0,0,57,0,0,0,0,0,0,0,1,2,0,0
2,1,1,0,3,1,0,0,14,15,0,0,2,3,1,1,0,0,3,0,11,12,0,2,0,0
0,0,0,0,0,0,0,0,0,0,0,0,0,0,16,0,0,0,3,0,290,0,1,38,0,77
9,3,0,0,0,0,0,0,15,0,6,0,1,0,23,1,0,0,6,0,1,0,0,113,0,0
6,1,6,1,6,1,0,0,46,6,3,1,6,1,60,0,0,0,6,1,24,44,185,46,2,92
0,0,0,0,0,0,0,0,71,13,0,0,0,0,0,0,0,0,0,0,2,0,17,5,0,1
6,0,0,0,4,0,0,0,34,44,0,0,4,1,48,0,0,0,0,1,8,63,236,19,4,98
2,0,0,0,0,0,0,0,0,0,0,0,0,0,0,0,0,0,1,3,4,2,17,14,0,29
5,0,2,0,3,0,0,0,0,2,2,0,0,0,2,1,0,0,3,0,1,0,2,6,0,5
3,1,0,0,1,0,0,0,272,11,7,2,6,3,1,0,0,0,8,3,9,12,35,34,7,247
0,0,0,0,34,0,0,0,0,0,0,0,0,0,63,0,0,0,0,0,0,0,50,0,0,2
0,0,0,0,0,0,0,0,16,0,0,0,0,0,0,0,0,0,15,0,0,0,2,0,0,5
7,0,0,0,0,0,0,0,61,0,19,0,0,0,0,0,0,0,42,4,7,49,25,4,0,1
4,7,1,0,8,4,0,0,56,16,19,2,3,0,27,0,2,0,2,0,24,23,88,141,17,84
4,1,0,0,5,0,0,0,765,30,1,0,0,0,9,0,0,0,13,0,53,76,47,19,12,371
0,0,3,0,0,0,1,0,960,51,0,0,11,0,28,0,0,0,0,3,40,80,19,13,0,17
5,0,0,0,0,0,0,0,85,35,0,3,12,1,24,0,0,0,4,0,18,11,121,15,3,101
0,0,0,0,9,0,0,0,9,11,0,0,0,0,80,0,0,0,133,1,418,122,35,66,3,1570
6,1,1,0,6,0,0,0,41,1,2,0,0,0,0,0,0,0,1,1,2,5,5,1,1,5
1,3,0,2,0,0,0,0,184,17,0,0,0,0,73,0,0,2,6,0,90,5,25,18,0,5
14,0,0,0,0,0,0,0,4,0,0,0,0,0,0,0,0,0,1,0,10,0,0,8,0,70
0,0,0,0,0,0,0,0,2,0,48,0,92,47,0,2,0,0,4,3,408,308,74,21,0,332
0,0,0,0,0,0,0,0,18,0,0,0,0,0,0,1,0,0,29,0,0,1,0,4,1,427
1,0,0,0,0,0,0,0,64,2,1,0,0,0,0,0,0,0,0,0,5,0,5,2,14,3
24,0,0,0,22,0,0,0,70,4,0,0,0,0,0,0,0,0,70,0,3,156,23,8,42,0
0,0,0,0,0,0,0,0,0,1,0,0,0,0,0,0,0,0,16,0,26,0,22,2,1,13
3,4,0,0,0,0,0,0,298,78,3,0,0,0,54,0,0,0,0,0,126,10,83,6,1,105
0,0,0,0,0,0,1,0,344,0,0,0,1,0,2,0,0,0,0,0,0,1,1,0,0,0
0,0,0,0,0,0,0,0,17,4,0,0,29,6,0,0,0,0,0,0,0,0,0,2,10,0
16,0,0,0,0,0,0,0,106,22,0,0,0,19,0,0,0,0,6,0,0,99,0,4,0,503
8,1,0,0,0,0,0,0,211,24,0,4,11,0,19,0,0,0,3,2,34,6,50,34,14,53
2,12,3,7,0,0,0,0,29,5,24,16,64,0,7,0,0,0,18,2,50,24,31,13,2,111
9,4,1,0,2,0,1,0,9,2,0,1,5,3,41,0,0,0,1,2,4,3,59,132,0,17
0,0,0,0,0,0,0,0,9,18,0,22,0,41,0,0,0,0,1,0,0,44,0,0,0,131
7,0,0,0,1,2,0,0,9,18,0,0,0,0,5,0,0,0,19,1,9,7,53,14,1,2
21,1,0,0,0,0,0,0,43,0,14,0,0,0,1,0,0,0,1,0,27,10,2,16,26,76
5,0,4,1,1,0,0,0,4,0,0,0,0,3,0,0,0,0,3,1,126,4,13,27,0,59
6,1,0,0,0,0,0,0,38,0,4,1,24,0,4,4,0,2,6,0,11,0,17,9,0,159
13,2,0,0,0,0,0,0,65,9,9,0,2,1,44,0,0,0,5,0,24,24,93,14,9,92
0,0,0,0,0,0,0,0,0,0,0,0,19,0,1,0,0,0,14,1,0,0,113,2,0,218
0,13,0,5,3,0,0,0,7,23,0,12,0,6,0,8,0,0,25,0,174,47,0,4,28,0
2,0,0,0,0,0,0,0,7,0,0,0,0,0,1,0,0,0,5,0,4,6,1,2,0,0
14,25,0,0,0,0,0,0,37,0,0,14,0,0,0,0,0,0,3,0,0,0,0,7,4,87
81,4,0,15,0,0,0,0,0,0,0,0,0,0,0,0,0,0,63,0,0,0,1,0,0,0
7,0,12,0,0,0,0,0,945,100,0,0,0,0,0,0,0,0,77,0,0,0,2,4,0,854
0,0,0,0,0,0,0,0,0,0,21,62,0,0,1,0,0,0,0,0,0,0,0,5,0,157
0,0,0,0,0,0,0,0,194,29,1,0,0,0,1,0,0,0,0,0,0,0,4,6,5,0
0,0,0,0,7,0,1,0,13,2,3,2,1,0,7,0,0,0,8,5,21,49,33,94,22,17
0,0,0,0,0,0,0,0,171,0,0,0,1,9,1,0,0,0,0,0,1,0,1,2,1,36
20,1,0,3,8,1,0,0,174,2,20,2,0,56,27,1,0,0,18,4,20,30,95,34,5,117
15,1,1,0,1,0,0,0,212,39,8,0,58,0,2,0,0,0,50,0,44,55,27,12,3,158
0,0,0,0,0,0,0,0,147,5,0,0,0,0,0,0,0,0,7,0,8,0,126,2,4,42
23,0,4,1,0,0,0,0,58,1,0,0,4,4,1,0,0,0,0,0,5,1,20,7,2,11
7,0,1,0,2,0,0,0,1277,23,1,0,0,0,9,0,0,0,0,0,0,3,0,0,0,0
8,1,14,0,6,0,0,0,74,6,7,0,3,0,19,0,0,0,5,1,18,19,137,30,4,85
7,0,0,0,0,0,0,0,27,11,2,0,4,0,2,0,0,0,2,2,1,15,12,28,11,4
0,0,0,0,0,0,0,0,470,46,0,0,2,14,20,0,0,0,2,0,406,5,18,4,0,22
0,0,0,0,0,0,0,0,5,1,0,0,0,0,0,0,0,0,4,2,3,2,19,26,2,6
0,0,0,0,0,0,0,0,66,6,0,0,2,0,0,0,0,0,1,0,37,0,69,30,1,127
3,0,0,0,0,0,0,0,82,12,0,0,46,0,25,0,0,0,2,4,19,7,201,21,3,98
9,0,14,72,0,0,0,0,50,4,0,0,0,0,2,0,0,0,4,0,17,21,44,11,4,291
0,0,0,0,0,0,0,0,1,0,0,0,0,0,5,0,0,0,2,0,17,30,17,14,3,60
85,0,0,0,0,0,0,0,657,7,5,0,1,0,50,0,0,0,119,1,1,157,8,4,0,2
0,0,0,0,2,0,0,0,1,2,1,0,11,3,0,0,0,0,1,1,9,1,4,30,5,41
4,6,20,0,0,0,0,0,120,19,0,1,0,1,0,0,0,0,1,0,646,226,22,116,10,228
7,0,0,0,0,0,0,0,41,2,0,0,0,0,4,0,0,0,2,1,4,55,16,8,8,243
14,0,0,0,0,0,0,0,162,8,18,0,0,0,0,0,0,0,0,0,5,25,0,4,0,0
5,7,1,0,0,0,0,0,98,9,0,0,0,0,5,3,1,2,131,0,49,0,280,43,16,194
9,0,0,0,8,2,0,0,173,29,4,0,5,0,8,0,0,0,5,0,5,54,62,46,12,74
0,0,0,0,20,0,0,0,57,0,0,0,0,0,0,0,0,0,78,0,3,111,0,0,0,0
24,5,0,0,0,0,0,0,40,5,2,2,0,0,0,0,0,0,0,0,72,9,0,0,0,38
0,0,0,0,0,0,0,0,10,0,1,0,0,0,0,0,0,0,1,0,39,4,12,2,0,2
13,0,10,0,3,0,0,0,76,11,17,0,28,0,3,0,0,0,1,3,59,3,99,13,2,0
4,19,1,1,0,0,0,0,128,5,0,0,0,0,0,0,0,0,0,0,6,1,0,4,9,20
57,0,0,0,0,0,0,0,74,0,0,0,0,39,4,3,0,0,1,0,0,0,68,6,0,0
48,8,0,0,0,0,0,0,51,3,3,3,5,4,12,0,0,0,9,1,56,1,174,47,0,264
0,0,0,0,1,1,4,4,40,14,0,0,5,3,10,1,1,1,1,0,3,1,5,7,0,4
0,0,0,0,0,0,0,0,86,0,0,0,84,6,49,2,0,0,5,2,0,0,1,22,0,70
7,0,6,0,0,0,0,0,88,11,4,1,7,0,10,0,0,0,4,0,12,0,34,23,0,98
0,0,0,0,0,0,0,0,260,10,0,2,0,0,8,0,0,0,1,1,299,28,81,11,6,20
26,0,0,0,0,0,0,0,75,0,3,0,0,0,0,0,0,0,95,0,7,1,4,5,1,0
21,0,0,1,0,0,0,0,14,2,4,1,5,0,16,0,0,0,36,0,51,181,19,23,11,20
11,0,2,0,2,0,0,0,53,10,2,1,0,0,0,0,0,0,3,0,19,13,54,0,7,55
0,0,0,0,0,0,0,0,107,11,0,0,11,0,0,0,0,0,4,0,0,0,6,0,0,98
32,0,0,0,117,0,0,0,310,0,0,0,0,0,3,0,0,0,189,43,6,216,0,4,0,36
38,2,2,0,0,0,0,0,42,1,2,0,0,0,2,0,0,0,31,0,56,0,32,37,3,22
0,0,0,0,0,1,0,0,9,0,0,0,0,0,0,2,0,0,4,0,235,0,61,21,1,17
36,0,0,0,0,0,0,0,199,69,0,0,5,8,0,0,0,0,0,0,179,8,36,16,0,4
1,1,0,0,0,0,0,0,90,0,0,0,0,0,0,0,0,0,8,6,1,0,16,2,0,39
0,0,0,0,41,0,0,0,12,0,30,0,3,16,8,0,0,0,80,0,143,198,30,8,3,23
0,0,0,0,0,0,0,0,1,0,0,0,0,0,5,0,0,0,2,0,17,30,17,14,3,60
0,2,0,0,0,0,0,0,19,31,0,0,3,0,44,0,0,1,18,0,5,9,44,16,0,66
13,0,0,0,1,4,0,0,15,5,8,1,2,0,45,0,0,0,22,13,173,112,18,26,2,14
0,0,0,0,0,0,0,0,0,0,0,0,0,0,0,0,0,0,1,0,23,6,22,8,0,0
31,0,0,0,0,0,0,0,85,0,3,0,13,0,0,0,0,0,0,0,0,1,59,1,0,300
2,1,0,0,4,1,0,0,39,6,4,0,4,10,9,0,0,0,20,14,40,19,31,150,44,20
0,0,0,0,0,0,0,0,60,11,0,0,0,0,1,0,0,0,0,0,6,16,30,6,8,17
3,0,1,0,0,0,0,0,8,2,2,0,13,2,11,1,0,0,2,0,8,83,50,10,83,0
0,0,0,0,0,0,0,0,4,0,0,0,0,0,0,9,0,0,1,0,686,65,292,15,0,0
10,2,2,0,0,0,0,0,75,2,0,0,11,1,0,0,0,0,9,0,3,567,87,12,1,69
10,0,0,0,1,0,0,0,24,11,2,0,0,0,24,0,0,0,11,0,0,45,2,6,3,234
0,0,1,2,0,0,0,0,56,18,0,0,0,3,0,0,0,0,0,0,112,2,25,7,1,51
17,0,8,2,0,0,2,0,17,1,0,0,0,1,1,0,0,3,0,1,399,8,111,7,0,5
0,0,0,0,0,0,0,0,220,50,0,0,0,0,25,0,0,0,59,11,0,36,28,61,9,17
16,2,2,6,3,1,0,0,201,44,1,1,9,25,7,4,0,0,4,1,6,33,47,43,2,10
7,3,7,1,0,0,0,0,40,0,0,0,0,0,3,0,0,0,7,0,8,2,18,15,0,85
0,0,0,0,0,0,0,0,1381,0,11,0,0,0,0,0,0,0,2,0,3,12,0,7,0,148
0,0,0,0,0,0,0,0,0,0,0,0,9,0,0,0,0,0,0,0,3,0,9,2,0,1
28,1,0,1,7,0,0,0,37,3,9,4,7,0,0,0,0,0,10,1,16,1,2,10,3,38
3,0,5,0,2,0,0,0,30,5,3,0,29,3,5,1,0,0,3,0,55,0,25,3,4,145
0,0,0,0,0,0,0,0,0,1,38,0,74,0,0,0,0,0,0,0,4,0,26,5,0,0
0,0,0,0,0,0,11,0,0,0,0,0,0,0,6,0,0,0,6,11,1999,0,0,0,0,1
0,0,0,0,0,0,0,0,250,0,0,0,0,0,0,0,0,0,0,0,72,0,0,0,0,24
4,0,2,0,0,0,0,0,3,0,0,0,0,0,1,0,0,0,0,0,9,0,1,8,0,57
38,0,6,0,2,0,2,0,21,0,0,0,0,0,3,0,0,0,3,2,12,0,12,21,2,30
0,0,0,0,2,1,0,0,718,9,0,0,0,0,2,0,0,0,0,0,1,30,15,0,0,305
1,0,0,0,0,0,0,0,21,0,0,0,0,0,0,0,0,0,0,0,271,0,0,2,0,0
31,0,0,0,0,0,0,0,33,0,2,0,60,3,0,0,0,0,0,0,16,0,30,8,0,301
10,0,0,0,0,0,0,0,40,2,4,0,16,0,0,0,0,0,31,0,12,345,106,24,8,60
10,0,4,0,5,1,0,0,10,0,7,0,0,0,6,0,0,1,0,0,24,0,6,15,2,39
43,0,0,0,0,0,0,0,1682,11,1,0,0,0,5,0,0,0,7,0,7,45,106,4,6,37
0,0,9,0,0,0,0,0,3,0,0,0,5,0,10,0,0,0,1,0,39,0,53,37,0,142
0,0,0,0,0,0,0,0,0,0,0,0,0,0,0,0,0,0,1,0,19,8,17,8,21,75
27,1,3,0,0,0,0,0,188,0,0,0,43,5,7,0,0,0,6,6,11,0,171,23,0,14
9,4,0,1,2,0,0,0,186,7,0,3,0,12,38,15,0,0,0,3,16,14,9,12,0,0
0,3,0,0,0,0,0,0,158,61,0,0,0,0,0,0,0,0,1,0,0,0,25,4,3,350
0,0,0,0,1,0,0,0,1,0,0,0,0,0,0,0,0,0,10,0,548,21,5,55,0,0
5,0,0,0,2,0,0,0,76,3,0,0,0,0,0,0,0,0,0,0,11,5,2,4,7,1
9,5,0,0,0,0,0,0,52,2,0,0,0,0,5,1,0,0,2,0,18,0,1,14,1,5
6,1,0,0,1,0,1,0,96,1,1,0,0,0,0,0,0,0,0,1,3,1,9,0,0,12
6,0,0,0,0,0,0,0,1453,89,0,0,18,0,9,0,0,0,64,3,11,369,26,4,3,0
17,0,0,0,0,1,0,0,19,6,10,7,3,2,63,1,0,0,63,2,86,355,56,29,4,134
17,0,0,0,0,0,0,0,567,4,0,0,14,68,7,0,0,0,8,0,219,33,120,10,6,244
18,0,0,0,4,0,0,0,0,0,0,0,14,0,42,0,0,0,30,0,0,0,0,0,0,21
0,23,0,0,0,6,0,0,769,4,0,13,0,0,3,1,0,0,11,7,59,87,10,9,0,400
14,0,0,0,0,0,0,0,110,17,0,0,0,0,6,0,0,0,0,0,15,16,0,26,0,42
14,0,0,0,10,0,0,0,33,0,9,1,4,1,2,0,0,0,13,1,2,5,33,12,0,173
6,0,4,0,0,0,0,0,102,0,0,0,24,2,0,0,0,0,3,1,4,41,8,17,2,0
10,0,0,0,2,0,8,0,44,0,0,0,0,0,29,0,0,0,88,1,13,2,5,18,4,24
4,0,3,1,0,0,0,0,115,33,1,1,1,6,1,2,0,0,100,0,3,25,95,0,3,90
12,0,4,0,0,0,0,0,51,4,0,0,0,0,2,0,0,0,0,0,8,4,3,4,1,22
0,0,0,0,0,0,0,0,2,2,0,0,1,0,1,0,0,0,0,2,4,0,47,3,2,102
0,0,0,0,0,0,0,0,0,0,0,0,0,0,0,0,0,0,62,0,148,4,0,0,0,0
0,2,0,6,0,0,23,0,0,2,0,0,0,0,0,1,0,0,1,23,12,87,0,8,0,0
1,0,3,0,0,0,0,0,197,0,24,0,8,0,10,0,0,1,1,0,408,118,15,48,4,7
0,0,0,0,0,0,0,0,384,38,16,0,15,0,1,2,0,0,82,1,255,61,16,24,4,21
1,0,0,0,0,0,0,0,14,89,0,0,1,0,0,0,0,0,5,0,8,235,32,10,0,87
0,0,0,0,0,0,0,0,0,0,0,0,0,1,0,0,0,0,1,0,0,103,2,0,0,0
10,0,27,1,0,0,0,0,322,0,15,0,0,4,2,1,0,0,3,3,9,0,222,13,1,6
11,0,0,1,0,0,19,0,87,1,0,0,15,0,25,1,0,0,26,20,62,23,20,17,2,226
1,0,2,0,15,0,10,0,100,1,0,0,0,0,2,1,0,0,1,10,2,13,3,0,0,0
0,6,0,0,0,0,0,0,76,15,0,3,0,0,26,3,0,0,1,0,0,96,3,0,2,219
43,0,5,0,0,0,0,0,16,0,0,0,0,0,6,0,0,0,0,0,14,0,3,15,0,46
0,0,0,0,0,0,0,0,0,0,0,0,0,0,0,0,0,0,3,0,21,1,0,2,0,11
1,0,0,0,0,0,0,0,6,3,4,0,2,0,7,0,0,0,5,0,9,47,3,19,0,227
9,0,0,0,1,0,0,0,94,24,3,0,5,0,2,0,7,5,1,1,20,3,185,42,4,237
0,2,0,0,3,0,1,0,24,7,3,0,0,5,0,5,0,0,19,2,22,32,11,19,3,829
0,0,0,0,1,0,0,0,8,0,3,0,1,0,0,0,0,0,11,0,0,1,10,0,0,0
0,4,0,9,0,0,0,0,0,0,0,3,0,2,0,1,0,0,1,0,16,1,2,19,0,186
26,0,6,0,0,0,0,0,16,0,0,0,0,0,8,0,0,0,0,0,19,0,9,31,0,106
12,2,3,0,5,1,0,0,126,22,4,2,0,4,2,2,0,2,47,0,54,17,70,8,2,34
2,0,0,0,2,0,0,0,1,0,2,0,0,0,85,0,0,0,4,0,86,2,3,20,4,0
4,8,6,0,2,2,0,0,28,7,0,3,0,4,2,0,0,0,3,0,126,27,47,56,5,72
11,0,0,0,1,0,0,0,30,2,7,6,0,2,13,0,0,0,100,22,20,153,20,18,0,40
8,0,0,0,3,0,0,0,4,0,4,0,0,0,1,0,0,0,0,1,17,0,0,0,0,28
0,0,0,0,2,0,0,0,155,5,0,0,18,0,27,3,0,0,20,3,6,44,78,70,8,12
5,0,19,0,0,0,0,0,114,22,0,0,19,0,19,0,0,0,2,0,4,30,51,41,3,517
0,0,0,0,0,0,0,0,392,38,0,0,0,0,0,0,0,0,3,1,243,0,0,4,0,2
3,0,0,0,6,0,0,0,0,0,19,0,0,0,0,0,0,0,87,0,563,117,0,6,0,39
10,1,0,0,0,0,0,0,20,4,2,0,0,0,0,0,0,0,1,0,2,23,28,2,13,25
1,0,0,0,0,0,0,0,14,0,4,0,0,0,32,0,0,0,38,0,30,104,51,2,9,0
2,0,0,0,0,0,0,0,113,3,0,0,0,0,0,0,0,0,6,0,80,12,20,10,0,43
0,0,0,0,5,0,0,0,83,12,55,32,0,0,3,0,0,0,0,0,12,0,15,24,3,33
0,0,0,0,0,0,0,0,32,0,1,0,0,0,9,0,0,0,17,0,37,82,7,22,53,0
3,0,0,0,0,0,0,0,2,0,0,0,0,0,0,0,0,0,0,0,21,3,10,66,1,50
1,0,4,0,3,0,0,0,36,0,1,0,3,0,13,0,0,0,52,12,17,17,7,16,3,64
3,2,1,0,2,0,2,0,7,0,4,0,1,0,3,0,0,0,0,2,3,0,7,6,0,38
2,0,0,0,1,0,0,0,9,0,0,1,2,0,4,0,0,0,9,0,5,3,4,2,0,0
0,0,0,0,0,1,0,0,3,0,0,0,0,0,0,0,0,0,2,0,1,0,18,4,0,0
13,1,2,0,3,0,0,0,0,2,1,0,12,2,3,1,0,0,4,1,54,3,2,17,1,280
16,11,2,1,0,0,0,0,114,21,0,0,5,1,10,0,1,0,3,0,5,6,5,37,2,28
0,0,0,0,0,0,0,0,456,151,0,0,0,0,4,0,0,0,2,0,33,6,44,6,0,52
10,0,2,0,1,0,0,0,41,0,0,0,1,0,0,0,0,0,1,0,12,2,7,4,4,44
33,0,0,0,3,1,0,0,140,14,0,0,0,0,0,0,0,0,10,0,27,3,5,116,0,50
8,2,11,2,11,3,0,0,60,16,5,0,5,2,46,3,0,0,8,7,6,0,21,24,1,191
19,0,0,0,4,0,0,0,10,1,0,0,10,1,1,0,0,0,12,1,0,75,12,10,0,222
10,4,13,1,1,0,0,0,90,0,0,0,4,4,2,0,0,0,1,0,13,134,47,10,0,0
0,0,0,0,87,0,0,0,1,0,0,0,0,0,4,0,0,0,92,0,5,252,7,8,1,9
0,0,0,0,0,0,0,0,17,11,0,0,1,0,0,0,0,0,3,0,18,6,12,2,4,27
0,0,0,0,0,0,0,0,44,21,0,0,0,0,0,0,0,0,100,0,457,10,0,14,13,12
37,0,0,0,0,0,0,0,187,7,2,0,2,0,7,1,0,0,106,0,174,210,82,22,0,228
9,3,3,0,1,0,2,0,29,4,9,0,0,0,4,1,0,0,0,2,4,0,1,6,0,9
0,0,0,0,13,2,2,0,0,7,0,0,0,0,19,0,0,0,1,0,28,7,12,54,1,35
9,0,0,0,0,0,0,0,49,0,0,0,0,0,0,0,0,0,3,0,20,8,2,0,1,1
1,1,20,0,6,0,0,0,434,8,8,0,0,0,11,0,0,0,3,0,310,100,136,18,3,227
18,7,6,14,0,0,0,0,0,0,0,0,0,0,0,0,0,0,2,0,9,26,50,46,0,34
0,0,0,0,0,0,0,0,37,0,0,0,0,0,0,0,0,0,0,0,0,0,0,0,0,0
4,0,1,0,3,0,0,0,17,0,1,0,11,0,0,0,0,0,1,0,11,3,20,2,0,43
46,0,0,0,37,0,0,0,284,0,50,0,0,0,0,0,0,0,52,0,607,590,28,4,0,0
10,1,1,0,0,0,0,0,38,0,24,4,1,0,7,1,0,0,1,0,11,0,13,6,0,116
23,0,0,0,0,0,0,0,5,12,5,0,0,0,0,0,0,0,2,0,265,6,14,4,5,49
0,0,0,0,0,0,0,0,435,2,0,0,0,0,2,0,0,0,0,0,24,6,24,6,0,0
8,0,2,0,2,1,0,0,14,0,0,0,3,0,1,0,0,0,4,0,4,5,20,11,0,20
4,0,0,0,0,0,0,0,114,15,0,0,0,0,0,0,0,0,6,1,29,5,19,2,3,159
88,0,0,0,3,0,0,0,204,1,4,0,0,0,0,0,0,0,142,0,2,295,26,4,0,0
17,0,5,0,1,0,1,0,6,0,0,0,0,0,2,0,0,0,17,9,13,0,222,14,1,37
100,0,0,0,0,0,0,0,105,0,0,0,0,0,0,0,0,0,3,0,1,0,0,0,0,0
20,3,7,4,11,2,1,0,376,8,12,3,13,3,15,0,0,2,11,7,25,186,93,41,4,317
5,0,2,1,0,0,0,0,15,3,1,0,6,0,10,0,0,0,8,0,0,2,31,10,4,39
0,0,0,0,0,0,0,0,43,30,0,0,0,5,0,0,0,0,0,0,0,0,0,0,1,0
0,0,0,0,37,0,0,0,7,3,0,0,23,7,5,0,0,0,0,1,1,48,7,0,14,138
0,0,1,0,0,0,0,0,11,3,0,0,6,0,0,0,0,0,3,0,0,0,3,0,2,0
4,0,0,0,0,1,0,0,27,0,2,4,0,0,0,0,0,0,11,2,38,14,2,0,0,42
53,0,0,0,0,0,0,0,19,0,0,0,0,0,26,0,0,0,94,0,16,188,13,30,5,14
19,0,4,0,4,0,0,0,241,1,9,0,3,0,2,0,0,0,6,0,1,12,1,21,1,0
1,0,0,0,0,0,0,0,137,0,5,0,0,0,0,0,0,0,5,0,0,26,76,17,1,13
43,15,0,0,13,0,0,0,557,0,6,0,0,0,0,0,0,0,0,0,22,45,9,0,2,162
1,0,0,0,0,0,0,0,184,16,6,0,0,0,32,0,0,0,2,0,58,133,116,4,16,192
0,2,0,0,0,0,0,0,20,12,0,0,4,0,0,0,0,0,1,0,61,4,34,44,0,54
12,3,0,3,7,0,0,0,157,9,0,0,1,2,47,0,0,0,11,0,18,26,33,25,5,6
1,0,0,0,1,0,0,0,32,0,0,0,5,0,0,0,0,0,4,0,7,24,8,29,8,25
0,0,0,0,0,0,0,0,120,17,0,0,0,40,10,0,0,0,0,0,0,53,19,0,1,0
24,0,0,0,0,0,0,0,38,0,0,0,0,0,0,0,0,0,1,0,54,32,11,12,2,5
32,0,0,0,117,0,0,0,183,0,0,0,0,0,3,0,0,0,189,43,0,216,0,4,0,36
0,0,0,0,0,0,0,0,13,4,6,0,25,0,0,0,0,0,3,0,5,0,3,0,0,10
0,0,0,0,0,0,0,0,23,3,1,0,0,0,0,0,0,0,0,0,136,17,51,2,1,41
3,0,0,0,1,1,2,0,8,15,0,0,0,0,0,0,0,0,1,0,16,0,0,0,0,33
13,0,0,0,10,0,0,0,40,4,30,0,11,10,0,0,0,0,32,2,9,61,146,44,0,140
14,0,1,0,4,0,0,0,14,0,2,0,7,0,13,0,0,0,7,4,10,10,7,6,5,145
21,8,1,11,0,0,0,0,2,0,0,0,0,0,14,0,0,0,3,13,4,5,10,10,3,61
18,3,0,0,0,0,0,0,9,2,4,0,0,0,0,0,0,0,0,0,0,23,3,4,3,5
5,0,0,0,1,0,0,0,48,7,0,0,7,2,14,0,0,0,1,1,52,7,36,35,8,13
31,35,0,1,9,0,0,0,179,8,0,1,4,4,0,1,0,0,8,2,16,22,27,22,2,38
17,0,0,0,31,0,0,0,0,0,0,0,1,0,0,0,0,0,75,2,86,97,3,6,16,186
1,0,0,0,3,0,0,0,158,6,0,23,0,14,11,0,0,0,0,0,8,28,54,10,2,63
6,0,1,0,3,0,0,0,49,0,0,0,0,0,22,0,0,0,111,0,371,40,5,29,3,1
1,1,0,0,1,2,0,0,861,0,0,0,0,0,0,0,0,0,6,0,1,37,9,7,6,6
4,0,1,0,0,2,0,0,11,5,1,0,2,2,6,0,0,0,5,1,63,54,46,156,2,171
8,2,3,1,15,0,9,0,63,8,0,0,12,9,6,0,5,1,100,9,21,26,31,82,0,123
0,0,3,0,0,0,1,0,3,0,1,0,0,0,0,0,0,0,0,0,254,0,0,2,1,1
0,0,0,0,1,0,0,0,14,2,0,0,19,0,0,0,0,0,0,0,2,3,14,19,0,29
15,4,0,6,8,5,0,0,231,7,21,3,2,14,29,9,0,0,36,11,18,68,91,39,10,951
0,0,0,0,0,0,0,0,0,0,0,0,0,0,9,0,0,0,200,14,25,345,12,15,0,0
15,0,0,0,0,0,0,0,29,6,61,0,0,0,0,0,0,0,3,0,56,0,0,2,0,0
0,0,0,0,0,1,0,0,177,0,0,0,74,0,2,0,0,0,0,0,27,30,12,16,1,20
19,0,0,0,0,0,0,0,496,38,0,0,1,0,0,0,0,0,0,1,0,0,26,7,1,81
15,0,0,0,0,53,0,0,215,9,4,0,0,0,12,1,0,0,0,1,0,20,6,6,0,255
0,0,0,0,0,0,0,0,0,0,0,0,0,0,0,0,0,0,18,0,0,10,0,11,0,125
38,5,6,0,5,0,0,0,6,8,9,0,0,0,9,0,0,0,6,0,38,8,15,30,6,187
0,0,0,0,0,0,0,0,260,10,0,2,0,0,8,0,0,0,1,1,299,28,81,11,6,20
0,1,10,7,0,0,0,0,195,0,0,0,0,0,0,0,0,0,2,0,6,1,143,0,0,33
0,0,0,0,0,1,0,0,12,2,0,0,1,0,9,0,0,0,40,0,2,8,36,33,2,32
3,1,0,0,0,0,0,0,40,1,1,0,6,4,7,0,0,0,9,58,3,3,12,19,4,0
3,3,1,0,0,0,1,0,780,0,2,1,0,0,0,0,0,0,0,1,0,4,2,0,0,0
0,0,0,0,0,0,0,0,371,0,0,0,0,0,0,0,0,0,16,0,875,331,37,8,0,21
5,0,35,0,0,0,0,0,6,0,10,0,5,0,2,0,0,0,21,1,22,10,1,12,8,162
4,1,0,0,1,0,0,0,38,7,46,0,20,0,38,0,1,0,1,0,133,13,2,13,0,97
12,0,0,0,4,0,0,0,268,34,0,0,5,1,0,0,0,0,1,0,31,15,10,21,0,0
4,0,0,0,0,0,0,0,83,0,0,0,0,1,0,0,0,0,52,0,0,16,6,0,0,19
3,0,0,0,1,0,0,0,85,20,0,0,1,0,0,0,0,0,0,0,12,11,14,4,10,65
40,0,0,0,1,0,0,0,2,1,0,0,0,0,0,0,0,0,4,0,39,48,46,4,0,241
87,0,0,0,2,0,0,0,9,0,0,0,0,0,2,0,0,0,5,0,62,0,0,11,2,137
2,1,0,0,0,0,0,0,742,2,0,1,0,0,0,2,0,0,0,3,3,1,35,6,0,120
12,3,4,1,0,0,1,0,191,2,6,1,1,0,3,8,0,0,22,24,353,93,29,54,9,189
1,0,0,0,5,1,0,0,10,5,0,0,1,0,35,0,0,0,16,19,5,73,58,54,23,8
20,1,1,0,0,0,0,0,41,5,0,0,0,0,7,6,0,0,6,1,2,87,25,8,2,235
10,1,2,0,0,0,0,0,0,1,0,0,0,0,0,0,0,0,0,0,9,0,39,6,0,96
4,4,0,0,0,0,1,0,206,1,2,0,0,0,1,0,0,0,1,2,23,0,0,9,0,19
10,16,3,0,8,0,0,0,449,13,6,0,0,10,68,1,4,0,0,0,0,17,166,10,1,85
0,0,0,10,0,0,5,0,131,3,0,0,0,10,8,0,0,0,1,10,5,0,0,56,0,0
0,1,0,11,0,0,0,0,51,23,0,0,4,3,7,0,0,0,0,0,10,2,0,4,0,7
0,0,0,0,0,0,0,0,1401,38,0,0,0,35,4,0,0,0,117,0,19,25,9,4,1,0
14,0,0,0,7,0,0,0,191,12,6,0,8,0,3,0,0,0,49,0,3,15,0,6,3,152
5,7,0,0,0,0,0,0,69,7,25,22,0,0,2,0,0,0,48,1,0,215,0,4,0,0
0,0,0,0,0,0,0,0,212,0,0,0,0,0,25,0,0,1,5,0,0,72,131,3,0,7
1,0,0,0,0,5,0,0,196,18,2,0,0,0,1,2,0,0,12,3,92,171,141,8,9,11
0,0,0,0,0,0,0,0,3,0,0,0,0,0,2,0,0,0,2,0,211,0,19,6,1,17
0,0,0,0,0,0,0,0,433,0,0,0,0,0,80,0,0,0,82,0,6,577,10,71,16,0
14,2,1,0,0,0,0,0,92,23,11,3,4,1,9,0,0,0,8,0,2,0,7,34,4,29
6,0,8,0,0,0,0,0,58,5,0,0,9,1,0,0,0,0,6,2,1,9,2,2,0,0
8,10,0,32,3,3,0,0,144,30,7,6,3,2,3,2,0,0,0,1,499,27,19,34,9,19
4,0,6,0,0,0,0,0,485,0,2,0,0,9,9,0,0,0,46,1,106,97,191,7,0,463
3,0,3,2,0,0,0,0,3,0,10,4,0,0,6,0,0,0,8,0,2,0,34,24,1,12
7,0,0,0,0,0,0,0,97,2,0,0,0,0,7,0,0,0,2,0,0,33,10,8,15,23
17,0,7,0,2,0,0,0,43,5,9,1,6,1,28,0,0,0,3,0,21,29,86,58,1,71
0,0,0,0,0,0,0,0,23,0,0,0,0,0,0,0,0,0,0,0,306,2,11,4,0,1
0,0,0,0,0,0,0,0,4,6,0,0,0,36,0,0,0,0,3,0,5,2,22,8,11,14
15,0,8,0,0,0,0,0,117,2,5,0,1,0,12,1,0,0,5,12,7,0,110,220,5,100
78,0,0,0,1,0,0,0,165,0,0,0,0,0,0,0,0,0,98,0,6,224,322,4,77,11
0,0,0,0,0,0,0,0,31,0,22,0,0,0,0,0,0,0,0,0,0,1,0,17,0,225
0,0,0,0,0,0,0,0,0,0,0,0,2,1,0,0,0,0,100,1,258,238,5,8,0,0
24,0,4,0,0,0,0,0,0,4,0,0,0,0,0,0,0,0,0,0,102,3,8,26,0,0
0,0,0,0,0,0,0,0,37,6,0,0,0,9,48,0,0,0,0,2,0,282,9,0,0,382
0,0,0,0,0,0,0,0,153,4,0,0,2,0,4,0,0,0,28,3,109,29,53,86,12,5
2,0,0,0,20,0,0,0,24,1,0,0,0,0,14,0,0,0,31,0,34,16,152,4,13,7
17,0,0,0,4,0,0,5,0,21,0,0,5,5,11,0,0,0,0,5,4,0,0,0,0,0
14,0,0,0,8,0,0,0,0,0,12,0,32,0,0,0,0,0,126,0,229,4,0,6,0,204
0,0,0,0,0,0,0,0,55,0,0,0,0,0,0,0,0,0,0,0,0,35,0,0,0,0
0,0,0,10,0,1,0,0,109,44,0,0,7,17,7,2,0,0,14,1,18,5,56,5,0,42
0,1,0,0,0,0,0,0,4,7,0,3,0,0,3,0,0,0,7,1,278,33,18,48,1,3
0,4,0,15,0,0,0,0,0,0,0,0,0,0,0,0,0,0,0,0,0,0,4,8,0,0
3,3,1,1,0,0,0,0,0,2,1,0,0,0,3,0,0,0,80,0,25,25,15,31,3,289
2,0,0,0,0,0,0,0,12,2,8,14,2,0,51,2,0,0,15,1,1068,314,70,38,37,230
7,0,0,0,0,0,0,0,52,0,1,0,0,2,4,0,0,1,1,0,11,0,22,17,2,64
0,0,0,0,0,0,0,0,45,0,0,0,0,0,0,0,0,0,0,0,32,31,71,8,9,61
17,2,9,3,3,3,0,1,13,3,2,1,0,4,2,1,1,0,6,7,59,13,7,4,0,4
7,0,0,0,0,0,0,0,115,0,0,0,0,0,1,0,0,0,3,0,6,6,13,6,1,31
0,0,0,0,0,0,0,0,87,73,0,1,2,10,3,0,0,0,6,11,73,6,24,8,4,139
22,0,0,0,0,0,0,0,1,0,0,0,52,0,0,0,0,0,7,0,179,0,3,0,21,8
0,0,0,0,0,0,0,0,42,30,0,0,1,5,10,0,0,0,0,0,104,93,27,2,0,0
0,0,0,0,0,0,0,0,9,7,0,0,1,0,0,0,0,0,1,11,7,0,74,4,6,250
0,0,0,0,0,0,0,0,380,0,9,0,0,0,8,0,0,0,3,0,1,0,0,0,0,0
25,0,0,0,14,0,0,0,59,3,0,0,0,0,0,0,0,0,3,1,44,5,2,44,0,0
11,1,1,0,0,0,0,0,1,0,0,0,0,0,2,0,0,0,0,0,6,1,39,8,0,4
75,0,0,0,5,0,0,0,1557,5,1,0,0,0,0,0,0,0,0,0,278,85,5,8,0,436
