ID,timeLimit,widthBlock,heightBlock,objectCount,record,harmful-breakable-walk,harmful-breakable-walkBig,harmful-breakable-fly,harmful-breakable-flyBig,harmful-breakable-shooter,harmful-breakable-shooterBig,harmful-breakable-shooterFly,harmful-breakable-shooterFlyBig,harmful-indestructible-fixed,harmful-indestructible-fixedBig,harmful-indestructible-walk,harmful-indestructible-walkBig,harmful-indestructible-fly,harmful-indestructible-flyBig,harmful-indestructible-shooter,harmful-indestructible-shooterBig,harmful-indestructible-shooterFly,harmful-indestructible-shooterFlyBig,friendly-powerUp,friendly-vehicle,friendly-help,friendly-jump,friendly-move,friendly-teleport,friendly-puzzle,friendly-coin
0019-0000-0369-496E,30,107,27,417,22309,28,15,0,8,0,0,0,0,203,0,0,0,0,0,0,0,0,0,0,0,0,0,92,0,0,0
002D-0000-032B-B0DA,30,240,27,708,20478,0,0,0,0,0,0,0,0,163,1,0,0,0,0,0,0,0,0,0,0,81,0,1,2,0,12
00C4-0000-0375-FD8E,500,240,27,2417,12900,2,0,0,0,0,0,0,0,0,0,30,0,25,0,25,0,0,0,100,0,171,298,72,53,21,13
01CA-0000-035A-DE18,500,189,27,374,31148,16,3,17,3,5,1,0,3,0,3,0,0,0,11,34,0,0,0,11,0,9,28,10,3,0,12
02B7-0000-0325-5358,500,120,27,812,10344,15,4,2,0,0,0,0,0,0,0,0,0,0,0,1,0,0,0,0,0,5,1,0,22,0,71
031E-0000-0308-1D03,30,240,27,825,25216,0,0,0,0,0,0,0,0,136,2,0,0,0,0,0,0,0,0,6,13,12,0,0,6,0,66
0321-0000-0363-A150,350,138,27,2766,79012,3,2,0,0,0,2,0,0,29,19,4,8,0,0,28,0,0,0,17,5,88,137,19,17,38,58
056E-0000-0331-6F21,500,240,27,1577,47500,52,0,0,0,46,0,0,0,21,0,13,0,0,0,36,1,0,0,0,7,98,659,0,6,23,0
0054-0000-0363-9F81,250,240,27,2055,26382,0,0,0,4,0,0,0,0,13,2,4,0,7,6,35,15,0,0,79,0,4,12,130,16,0,0
05BC-0000-031E-9757,500,132,27,1148,38720,0,1,0,0,0,0,0,0,21,11,0,0,0,0,5,0,0,0,1,0,2,16,14,4,6,0
05EC-0000-0333-65D1,500,228,27,1198,25987,0,0,0,0,0,0,0,0,0,0,0,0,0,0,0,0,0,0,0,0,0,0,0,0,0,0
06F9-0000-0324-98CC,500,134,27,1140,27080,23,0,6,8,1,0,0,0,27,11,0,0,0,0,5,0,0,0,0,0,15,0,0,8,1,5
06AA-0000-0339-5427,500,240,27,3779,187114,13,0,0,0,6,0,0,0,244,9,1,0,0,0,0,0,0,0,15,1,35,7,138,34,2,130
06FD-0000-0361-B702,30,55,27,1263,26168,0,0,0,0,0,2,0,0,1043,0,0,0,0,0,0,0,0,0,0,1,140,6,0,0,1,13
0712-0000-0357-84B1,500,205,27,4177,80783,32,1,14,0,8,1,0,0,46,0,0,1,0,0,13,0,0,0,10,1,7,17,99,15,1,3
078F-0000-036A-380D,400,177,27,3274,163050,14,0,0,0,0,0,0,0,69,8,21,9,2,0,15,0,0,0,5,6,4,3,23,15,5,60
06A7-0000-032C-8F9D,500,84,27,1646,181338,3,0,0,0,0,0,0,0,36,71,1,0,0,0,3,2,0,0,8,0,1,3,28,14,0,451
080A-0000-035A-B173,10,103,27,1094,9159,4,0,0,0,8,0,0,0,15,0,0,0,12,0,0,0,0,0,31,1,4,48,0,0,11,49
080E-0000-0302-8B05,500,139,27,469,25420,0,0,0,0,0,0,0,0,131,0,0,0,28,37,0,0,0,0,0,0,0,8,0,0,0,220
05BF-0000-0324-95CE,500,240,27,3944,97023,6,0,0,0,0,0,0,0,41,19,6,0,0,0,21,0,0,0,2,2,13,21,105,23,2,119
09ED-0000-034F-2F4C,500,240,27,3569,158674,12,0,2,0,7,0,0,0,33,13,11,1,9,0,37,1,0,0,3,1,25,14,38,38,8,54
09F6-0000-032D-028C,150,72,27,2047,28008,2,1,1,1,3,0,8,0,20,1,10,5,12,6,14,2,0,0,74,12,5,1,49,5,1,7
0A34-0000-0362-8F49,500,240,27,2998,65389,2,0,0,0,0,0,0,0,36,0,0,0,4,0,61,0,0,0,12,1,12,27,29,29,2,58
0ACF-0000-0321-BE2B,500,240,27,3855,192303,6,5,0,0,6,0,0,0,10,17,1,0,1,0,3,0,0,0,6,0,235,6,0,4,0,76
0B41-0000-035B-5DAB,500,190,27,4339,146225,0,0,0,0,1,1,0,0,30,7,1,0,0,0,28,0,0,0,6,4,15,23,60,46,18,14
0B55-0000-034D-CB6B,30,240,27,868,21915,14,2,0,0,0,0,0,0,41,5,0,1,14,17,25,0,0,0,0,0,0,32,1,0,0,41
0B74-0000-0330-899B,30,240,27,1552,20950,0,0,0,0,18,1,0,0,176,26,0,0,0,0,27,0,0,0,52,0,176,10,51,13,4,164
08E0-0000-034C-76BF,500,124,27,2966,24433,0,0,0,0,0,0,0,0,15,0,0,0,0,0,0,0,0,0,90,0,0,279,8,6,200,582
0CEF-0000-0337-C8B9,500,228,27,4080,196625,15,1,5,0,1,0,0,0,24,19,4,1,10,0,10,0,0,0,2,0,21,6,20,13,3,283
0D24-0000-0377-8678,500,193,27,1844,49952,11,23,2,3,10,0,0,0,92,1,1,1,1,1,6,0,0,0,4,5,7,65,65,7,1,57
0D42-0000-030A-6B3D,200,240,27,947,24983,6,0,0,0,51,0,0,0,0,10,0,0,12,0,2,0,0,0,21,0,13,0,9,13,5,0
0D79-0000-0369-09ED,500,174,27,1993,64500,2,1,2,2,0,0,0,0,5,6,0,0,13,2,0,0,0,0,11,0,336,1,19,18,5,51
0D91-0000-0321-A95D,20,107,27,196,9056,10,0,0,0,17,0,0,0,92,8,7,0,0,0,6,0,0,0,0,18,0,2,0,0,0,0
0D95-0000-0381-CC36,500,173,27,4448,42730,27,0,0,0,0,0,0,0,308,16,43,0,0,0,15,0,0,0,94,0,0,103,257,5,21,0
0E7E-0000-0368-554D,40,240,27,1859,35446,86,2,0,2,0,0,0,0,43,0,0,3,2,0,4,2,0,0,0,0,0,28,0,0,1,100
0F14-0000-0338-BF94,90,240,27,4292,87125,1,6,0,2,0,1,0,0,97,70,2,1,4,21,2,0,0,0,4,5,41,42,23,15,9,161
0F30-0000-032A-8ACD,500,84,27,1490,7112,18,6,3,2,10,0,1,0,4,3,3,0,2,5,6,0,0,0,33,2,367,20,12,0,1,0
0F8B-0000-032D-0424,150,146,27,1440,12383,6,1,0,0,0,0,0,0,0,0,0,0,0,0,0,0,0,0,2,0,185,2,72,6,0,77
0B67-0000-033B-6A99,20,180,27,2101,14920,8,0,0,0,9,0,0,0,244,0,0,0,0,0,0,0,0,0,14,0,19,3,10,15,0,175
0F42-0000-0314-876F,500,240,27,779,85750,0,0,0,0,0,0,0,0,0,51,1,0,0,0,0,0,0,0,0,0,23,0,0,0,0,0
0FDA-0000-0324-2EAF,40,120,27,1268,39221,0,0,0,0,0,0,0,0,290,13,0,0,0,0,0,0,0,0,0,0,21,32,0,2,0,0
106E-0000-0350-0AC9,500,240,27,4037,178800,15,0,17,0,2,0,0,0,40,9,5,0,1,0,68,0,0,0,0,1,18,10,152,30,2,80
0FE4-0000-0322-F2B8,170,240,27,2584,51644,8,16,17,4,0,0,0,0,157,21,0,0,46,0,7,0,0,0,17,0,336,507,40,39,8,387
1150-0000-0329-B9FC,30,215,27,781,23333,0,0,0,0,0,0,0,0,0,0,2,89,0,0,0,0,0,0,0,0,0,3,3,0,0,339
123B-0000-0347-3D62,500,240,27,2209,21638,10,0,4,1,0,0,0,0,6,1,8,1,1,1,3,2,0,0,1,1,2,0,93,6,0,99
12CF-0000-032F-97AA,30,84,27,2897,26769,0,0,0,0,0,0,0,0,25,28,0,0,0,0,0,0,0,0,1,0,129,0,0,4,0,198
12D3-0000-0332-845A,200,132,27,1283,12141,36,0,0,0,0,0,0,0,135,1,0,0,0,0,0,0,0,0,1,0,0,36,1,1,0,73
133B-0000-0309-EB64,500,118,27,202,29222,0,0,0,0,0,0,0,0,85,0,0,0,67,1,0,0,0,0,0,0,0,0,0,0,0,0
14AE-0000-02FE-F045,500,84,27,599,7500,0,0,0,0,0,0,0,0,0,0,2,0,0,0,0,0,0,0,4,0,57,0,2,18,0,0
13A9-0000-0330-B752,70,96,27,1975,56427,8,0,0,0,0,0,0,0,198,2,0,0,1,0,0,0,0,0,3,0,52,41,9,11,1,9
176C-0000-0358-B3CB,500,156,27,3779,46150,2,2,0,1,2,0,0,0,1,19,0,0,0,0,0,0,0,0,12,2,3,3,93,28,58,4
1587-0000-034A-D676,500,201,27,895,48778,0,0,0,0,0,0,0,0,350,13,0,0,0,0,0,0,0,0,0,0,8,0,0,0,0,0
1774-0000-0333-A372,500,84,27,367,4199,0,0,3,0,0,0,0,0,0,6,0,0,0,0,1,0,0,0,1,0,0,5,0,8,6,18
0FDE-0000-0314-C389,500,240,27,743,46489,0,0,0,0,0,0,0,0,0,44,0,0,1,0,0,0,0,0,0,0,28,0,0,0,0,0
177E-0000-0306-9649,500,191,27,4307,91458,124,0,0,0,0,0,0,0,264,0,76,0,0,0,0,0,0,0,2,0,9,219,2,16,0,12
17C5-0000-0353-9E4C,150,84,27,175,6660,0,0,24,0,0,0,0,0,4,0,7,0,0,0,2,0,0,0,1,0,8,0,0,3,0,75
184F-0000-0335-9C2D,30,240,27,2239,24515,2,1,1,0,0,0,0,0,35,28,0,1,0,0,1,0,0,0,4,0,266,17,42,4,6,183
18C9-0000-031E-017D,350,140,27,1053,66033,5,1,0,0,0,0,0,0,107,4,1,3,8,5,0,1,0,0,1,0,13,0,59,6,0,185
18DB-0000-0324-6DD3,200,240,27,1190,28157,0,0,12,0,0,0,0,0,0,0,0,0,0,0,0,0,0,0,8,0,1,80,22,0,0,266
18F9-0000-0341-30BD,200,240,27,4095,110912,79,0,0,0,1,0,1,0,46,5,24,0,0,4,12,0,0,0,18,1,105,127,80,14,1,32
18FB-0000-0364-332E,100,240,27,1994,52101,7,1,0,0,6,0,0,0,41,6,5,0,1,0,1,0,0,0,39,0,72,17,67,142,4,112
194C-0000-032C-CFD1,500,240,27,1433,38101,19,0,0,0,0,0,0,0,10,0,0,0,0,0,4,0,0,0,0,0,11,0,0,8,1,63
19A6-0000-0328-4C38,500,240,27,1355,46001,39,7,0,0,0,0,0,0,100,3,0,0,0,0,0,0,0,0,0,0,2,4,2,16,1,18
19EA-0000-0310-7317,50,240,27,1732,42519,5,0,1,0,1,0,0,0,1065,60,0,0,2,0,0,0,0,0,0,0,0,234,0,4,2,130
19FE-0000-035A-0830,10,58,27,314,5395,0,0,0,0,0,0,0,0,51,28,0,0,1,9,0,0,0,0,0,0,0,82,4,0,1,125
1A0F-0000-0324-340D,500,48,27,385,2033,3,0,1,0,0,0,0,0,41,0,0,0,0,0,0,0,0,0,1,0,2,3,0,6,0,2
1A3F-0000-030F-5152,10,33,27,171,7466,1,0,0,0,0,0,0,0,9,4,0,0,0,0,0,0,0,0,0,0,2,10,2,8,4,0
1AC8-0000-035D-737C,300,240,27,3413,60638,11,1,0,0,0,0,0,0,0,0,1,0,0,0,61,0,0,0,3,3,16,0,16,29,1,209
17D9-0000-0332-9581,500,240,27,1835,20502,0,0,0,0,65,0,0,0,0,0,0,0,0,0,0,0,0,0,0,0,170,116,0,0,0,0
1B53-0000-033B-AAB2,70,132,27,1528,63037,2,0,0,0,0,0,0,0,840,20,0,0,0,0,0,0,0,0,2,0,0,22,0,4,0,0
1B82-0000-0327-AAE6,80,240,27,2158,53534,7,3,0,0,2,0,0,0,169,14,4,1,3,0,3,1,0,1,2,0,53,104,28,12,5,22
1BA7-0000-0324-CBA4,20,233,27,1721,19659,3,0,0,0,0,0,0,0,1487,26,0,0,0,0,23,0,0,0,0,0,0,1,0,0,0,0
1BC1-0000-032E-2917,70,84,27,836,18949,79,2,1,3,0,0,0,0,0,0,2,0,0,0,8,0,0,0,2,0,20,268,0,8,0,88
1C09-0000-030E-C092,50,166,27,3543,44683,0,0,0,0,0,0,0,0,282,102,0,0,2,7,7,0,0,0,4,29,878,1021,4,35,1,0
1CA1-0000-0351-A030,170,240,27,3631,114532,75,0,0,0,1,0,1,0,8,11,2,0,0,12,0,0,0,0,11,1,97,100,60,11,2,12
1CAF-0000-0328-C96E,190,125,27,1182,7834,7,1,0,0,0,0,0,0,0,0,0,0,0,0,0,1,0,0,5,0,224,0,26,6,0,139
1D1E-0000-0327-6392,500,202,27,2178,21085,19,9,0,0,0,0,0,0,257,6,0,0,6,0,83,0,0,0,43,0,55,14,14,75,1,4
1E86-0000-030C-D181,500,178,27,2195,58937,0,0,0,0,9,0,0,0,17,1,1,0,0,0,17,0,0,0,4,1,9,36,109,2,3,44
1EAD-0000-0366-2328,500,240,27,3059,67100,1,0,0,0,0,0,0,0,4,0,0,0,7,1,0,0,0,0,1,0,13,1,4,22,1,59
1EE0-0000-0356-0D28,350,240,27,2414,56926,9,4,0,0,1,0,0,0,22,6,6,0,0,0,0,0,0,0,8,3,82,1,133,16,3,68
2002-0000-0389-2D23,10,70,27,534,8833,4,0,0,0,2,0,0,0,2,1,0,0,0,0,0,0,0,0,1,0,81,7,13,18,4,13
2009-0000-032C-8BA1,500,95,27,2115,36850,0,0,0,0,0,0,0,0,62,13,0,0,0,0,9,1,0,0,0,0,70,84,26,8,1,0
2037-0000-0358-068D,500,240,27,1647,57071,0,0,0,0,11,0,0,0,118,1,0,0,15,12,0,0,0,0,0,11,3,0,5,4,0,19
2072-0000-033D-AB8E,500,240,27,3030,89645,10,0,0,0,1,1,0,0,81,81,2,0,0,0,50,0,0,0,2,0,13,11,61,17,4,93
1B93-0000-0333-93E1,40,240,27,1382,38754,7,0,0,0,0,0,0,0,28,8,0,0,0,0,4,0,0,0,4,6,10,5,6,5,1,6
20CF-0000-0309-9019,500,157,27,3576,21545,0,0,0,0,0,0,0,0,0,0,0,0,0,0,113,0,0,0,0,0,208,286,25,4,42,1
20F9-0000-0307-7897,500,240,27,3955,106725,7,1,0,0,0,1,0,0,49,22,4,1,2,3,27,0,0,0,7,0,18,65,111,13,0,95
2153-0000-031C-84F9,500,84,27,1143,51141,3,0,0,0,0,0,0,0,77,3,0,0,0,0,3,0,0,0,2,0,10,3,28,9,0,66
212F-0000-0334-AE1E,500,240,27,4445,136783,10,0,2,0,5,0,0,0,76,31,0,0,26,1,43,0,2,1,1,8,30,46,148,23,7,137
20E2-0000-0314-F21F,70,238,27,1303,63390,18,0,1,0,3,0,0,0,1103,49,0,0,6,0,4,0,0,0,0,0,0,53,1,4,0,0
216E-0000-0306-5CCC,500,240,27,3402,144342,0,15,0,1,0,0,0,0,1,0,1,0,0,0,0,0,0,0,2,0,5,35,21,18,1,467
22A8-0000-036B-55D3,500,240,27,3318,196615,0,0,0,0,0,14,0,0,27,3,0,0,5,2,14,1,0,0,65,0,278,26,83,58,47,64
22AB-0000-030D-4D75,500,240,27,1773,40590,0,0,0,0,0,0,0,0,456,170,0,0,0,0,4,0,0,0,2,0,33,6,44,6,0,52
22AE-0000-035A-3B69,250,171,27,486,47220,5,1,0,0,0,0,0,0,96,0,0,0,0,0,2,0,0,0,0,0,2,1,6,2,3,31
22F4-0000-030C-F817,500,131,27,1964,92000,0,0,0,0,0,0,0,0,1,0,0,0,0,0,1,0,0,0,1,0,9,36,46,11,3,119
226E-0000-030D-B9B5,500,125,27,2311,56756,0,1,0,0,1,0,0,0,5,0,0,0,0,0,9,1,0,0,44,0,159,2,11,14,2,43
2344-0000-0312-7E6F,80,147,27,435,20277,0,0,0,0,0,0,0,0,0,11,0,0,0,0,2,0,0,0,8,0,148,21,26,0,0,0
23D7-0000-0329-C142,300,240,27,1307,20502,1,0,1,0,0,0,1,0,2,0,0,0,0,0,2,0,0,0,0,1,12,0,0,9,0,57
240C-0000-0332-4CB0,500,240,27,3853,248472,12,0,0,0,0,0,0,0,282,40,0,0,17,3,36,0,0,0,5,12,26,47,198,18,4,101
2429-0000-035D-7C74,50,84,27,2035,44583,0,22,0,0,0,0,0,0,50,41,0,0,0,0,0,0,0,0,1,0,10,7,9,6,0,634
2475-0000-032A-9CA4,200,153,27,588,55000,9,0,6,0,0,0,0,0,33,6,0,0,1,0,0,0,0,0,1,0,2,0,8,2,0,64
23E5-0000-0333-96A7,60,240,27,2337,43987,6,10,0,1,0,3,0,0,176,15,0,1,0,0,2,2,0,0,7,2,248,132,129,31,4,152
24D2-0000-0326-557B,300,81,27,3178,8843,0,0,0,0,0,0,0,0,0,0,0,0,0,0,0,0,0,0,0,0,0,0,0,35,1,0
24C8-0000-0316-3F13,500,240,27,1997,98867,11,5,10,0,0,0,0,0,60,11,2,0,4,2,37,0,4,3,19,2,173,1,92,18,1,109
24F9-0000-033B-5BCE,500,240,27,3770,98904,16,0,1,0,4,1,0,0,42,4,14,1,6,1,43,0,0,0,3,0,13,3,105,17,2,60
2606-0000-0333-7B0D,500,240,27,877,21741,2,0,0,0,6,0,0,0,216,0,3,0,0,0,0,0,0,0,0,0,116,46,20,0,0,0
2647-0000-031E-0E0A,500,144,27,543,18164,0,0,0,0,0,0,12,0,0,3,0,0,0,0,0,0,0,0,0,1,12,26,7,1,0,118
2576-0000-034C-B45C,110,126,27,694,15075,1,0,0,0,0,0,0,0,16,4,0,0,14,4,0,0,0,1,1,0,1,1,3,4,1,23
2681-0000-035D-ADB2,10,24,27,168,6111,0,0,0,0,0,0,0,0,38,0,0,0,0,0,12,0,0,0,0,0,20,4,0,4,0,0
26EC-0000-0339-F51C,40,139,27,2210,30434,4,11,1,12,1,4,2,4,121,17,0,6,0,12,0,2,0,4,6,0,203,54,20,50,2,62
26DD-0000-0300-F62A,500,120,27,4359,22266,12,0,0,0,1,0,0,0,553,57,0,0,0,0,0,0,0,0,6,1,1545,446,16,136,34,0
26EE-0000-0301-E2A0,30,84,27,801,26516,0,0,0,0,0,0,0,0,12,0,0,0,1,0,0,0,0,0,3,0,92,0,0,8,59,74
278A-0000-0369-B7A8,20,232,27,1060,19811,0,0,0,0,0,0,0,0,0,14,0,0,56,0,0,0,0,0,7,0,0,0,9,0,0,0
274E-0000-032A-8F58,500,240,27,1138,30783,19,0,0,0,0,0,0,0,42,0,0,0,0,0,4,0,0,0,51,0,157,19,10,4,0,95
283C-0000-036F-FCFD,500,178,27,3727,31429,113,0,0,0,0,0,0,0,37,0,0,0,0,0,0,0,0,0,114,0,3,187,32,5,20,0
2842-0000-0303-5FFB,60,144,27,2097,32332,3,0,0,0,0,0,0,0,868,53,0,0,0,0,1,0,0,0,0,0,1,0,0,12,0,0
27FE-0000-034C-44C6,500,240,27,2685,92431,0,0,0,0,0,0,0,0,76,2,0,0,0,0,0,0,0,0,0,0,3,0,3,14,0,16
2A2D-0000-033E-331E,100,33,27,180,7401,0,0,0,0,0,0,0,0,0,6,0,0,0,0,0,0,0,0,0,0,1,0,0,8,0,11
2A47-0000-033E-9FE0,40,168,27,2021,24994,7,0,0,0,0,0,0,0,101,9,0,0,0,0,1,0,0,0,0,0,602,38,4,0,3,0
2931-0000-0331-1DE4,100,106,27,330,11507,9,0,31,0,0,0,0,0,1,0,0,0,0,0,0,9,0,0,1,0,12,0,37,3,0,46
0ADD-0000-036A-E2D2,500,84,27,721,17997,5,0,0,0,5,0,0,0,0,0,0,0,0,0,0,0,0,0,1,1,5,17,37,5,0,7
2B00-0000-0320-9739,400,240,27,2803,122216,3,4,0,3,4,1,0,0,58,22,2,0,2,1,3,0,2,0,12,1,58,19,45,16,2,43
2B8D-0000-0312-9D77,500,240,27,1630,54515,3,6,0,0,1,0,0,0,107,2,0,0,0,0,12,5,0,0,5,0,5,1,31,22,2,43
2BBA-0000-0323-A3FC,50,84,27,388,5547,0,0,0,0,0,0,9,0,0,26,0,0,0,0,4,4,0,0,5,24,2,0,0,13,0,0
2BC3-0000-036B-9E6D,20,228,27,990,19433,0,0,0,6,0,0,0,0,9,14,0,0,8,3,0,0,0,0,8,0,0,0,12,0,0,44
2C0E-0000-036A-FA0C,40,66,27,1186,29640,12,9,0,0,0,0,0,0,7,2,0,0,0,0,0,0,0,0,0,0,29,40,12,4,4,0
2C63-0000-036E-066A,20,213,27,1408,14388,41,0,0,0,0,0,0,0,0,0,0,0,0,0,0,0,0,0,6,0,0,0,0,0,0,0
2BB6-0000-0335-66F7,260,240,27,1114,53459,7,0,0,0,5,0,0,0,54,7,1,0,0,0,1,0,0,0,1,0,6,0,12,6,2,19
2D26-0000-030A-6739,30,240,27,1469,20531,0,0,9,0,0,0,0,0,0,0,0,0,0,0,90,0,0,0,0,0,0,6,0,0,0,0
2DD8-0000-033E-9548,30,217,27,1115,21330,2,14,1,0,5,0,0,0,48,15,5,2,1,0,16,1,0,0,2,3,0,67,2,0,0,457
2E63-0000-0329-6445,30,63,27,640,25755,8,0,2,1,0,0,0,0,7,0,2,0,0,0,2,0,0,0,11,1,0,13,19,6,5,2
2C9A-0000-031C-E167,210,163,27,2722,27745,9,0,0,0,1,0,0,0,0,0,2,0,0,0,0,0,0,0,1,1,5,0,44,18,0,21
2E6E-0000-0324-15F7,500,240,27,1438,26200,0,0,0,0,0,0,0,0,190,12,0,0,0,0,0,0,0,0,0,0,4,0,0,2,36,943
3000-0000-0359-DCC0,100,120,27,2061,20519,0,0,0,0,0,0,0,0,50,0,0,0,0,0,0,0,0,0,5,0,0,0,0,0,0,0
2EFC-0000-0360-94AB,500,240,27,4387,330453,5,0,0,0,9,2,1,0,105,21,1,1,2,2,6,0,0,0,12,18,36,38,33,67,7,31
3018-0000-0323-490D,500,240,27,1414,34533,0,0,0,7,3,1,0,0,13,1,0,0,0,0,8,0,0,0,119,0,24,21,70,28,13,166
30E2-0000-0311-AE5B,80,240,27,1433,45757,7,0,0,0,1,0,0,0,199,2,16,0,0,0,5,0,0,0,20,4,43,137,10,23,7,362
3032-0000-035E-2163,500,84,27,3212,25688,0,1,0,0,0,0,0,0,5,2,5,0,0,0,6,0,0,0,21,0,0,10,22,17,3,3
30F2-0000-0332-9D85,500,240,27,3634,218459,12,0,0,0,15,0,0,0,140,14,0,0,11,0,5,1,0,0,6,1,43,0,12,38,0,308
317E-0000-0324-CF16,120,217,27,3952,48642,8,3,0,0,1,0,0,0,1,1,0,1,0,1,0,3,0,0,31,1,105,59,94,8,0,369
31F8-0000-0322-4113,300,218,27,2507,60471,14,0,3,0,0,0,0,0,3,1,0,0,0,0,3,0,0,0,13,1,21,49,10,52,1,72
321E-0000-0316-BD95,10,84,27,908,6950,0,0,0,0,0,0,0,0,0,1,12,0,0,0,0,0,0,0,5,0,266,0,5,6,25,0
325C-0000-0386-2679,420,128,27,1297,65279,7,0,0,0,0,0,0,0,4,12,3,0,0,0,3,0,0,0,0,1,2,2,9,9,0,30
32ED-0000-0351-A9B0,30,240,27,1314,29599,7,1,0,0,2,0,0,0,47,9,1,1,1,2,2,0,0,0,3,1,6,19,19,6,4,0
33FC-0000-0383-9D7E,500,171,27,3106,124833,0,0,0,0,2,0,0,0,8,1,1,0,1,0,11,0,0,0,5,1,42,193,35,21,7,3
34B2-0000-0365-19DD,500,209,27,2016,48510,3,0,0,0,0,0,0,0,30,0,0,0,11,3,1,1,0,0,6,0,2,1,2,8,0,0
34F1-0000-0365-FE7C,500,190,27,1521,28878,6,0,0,0,0,0,0,0,68,0,2,0,108,7,1,0,0,0,3,4,6,3,6,4,0,14
34BC-0000-032B-0312,500,212,27,3506,38970,2,0,0,0,2,0,0,0,131,0,12,0,0,0,9,0,0,0,57,2,191,308,33,15,0,12
316A-0000-038C-66C3,150,240,27,4200,70133,0,0,0,0,0,0,0,0,9,0,0,0,0,0,35,0,0,0,0,0,0,21,112,8,0,0
3537-0000-038D-8BA8,500,176,27,4094,39376,92,0,0,0,0,0,0,0,226,0,0,0,0,0,0,0,0,0,117,0,4,233,121,10,24,0
358F-0000-035B-DEF1,10,24,27,144,866,0,0,0,0,0,0,0,0,10,0,0,0,0,0,0,0,0,0,4,0,0,0,1,2,0,0
353D-0000-0378-8BDB,20,201,27,898,19715,4,10,9,13,0,2,0,0,23,1,0,0,0,3,35,1,0,0,0,0,0,0,0,0,0,0
3730-0000-034D-E989,40,240,27,2178,27967,3,1,1,0,0,0,0,0,272,11,1,0,2,0,2,0,0,0,9,0,43,11,68,23,1,26
37A7-0000-0305-6897,500,240,27,3406,46458,35,3,44,8,0,0,0,0,10,1,0,0,0,0,1,0,0,0,3,0,12,2,6,24,0,95
37D2-0000-0367-5E52,500,240,27,2858,62708,6,1,0,0,6,0,0,0,4,12,0,0,16,0,1,0,0,0,0,0,10,0,37,14,0,68
36B1-0000-0344-6F49,10,114,27,1631,9733,0,0,0,0,0,0,0,0,248,0,0,0,0,0,0,0,0,0,0,0,60,0,0,0,0,0
37EF-0000-0328-00D4,500,240,27,2356,98630,29,0,0,0,0,0,0,0,358,0,29,0,0,0,17,0,0,0,61,1,251,304,64,14,6,147
3842-0000-0314-FF3D,500,240,27,147,20627,20,2,5,1,0,0,0,0,1,1,0,0,0,0,1,0,1,1,5,0,16,0,9,0,0,11
38B8-0000-0372-C173,60,240,27,1627,51433,8,2,8,1,0,6,0,0,22,13,0,0,0,15,51,2,0,0,2,0,0,41,78,6,0,376
391B-0000-0363-866E,300,161,27,4045,81642,5,0,2,0,1,0,0,0,3,0,0,0,0,0,68,1,1,0,2,1,13,2,6,8,0,93
393F-0000-0321-6460,500,240,27,3102,87841,16,0,0,0,2,0,0,0,24,4,7,0,3,0,4,0,0,0,42,2,10,40,38,20,3,344
3801-0000-034E-17FD,500,120,27,1332,16892,0,0,0,0,1,0,0,0,1122,1,8,0,1,0,0,0,0,0,1,2,38,8,0,0,0,0
39BF-0000-0353-4C24,20,84,27,797,7920,7,0,0,0,0,0,0,0,164,15,0,0,0,0,7,2,0,0,4,0,4,5,11,18,0,35
39CA-0000-0353-6F7D,500,240,27,1761,68048,2,3,0,0,0,0,0,0,117,4,5,8,1,0,1,3,0,0,3,0,10,0,54,14,0,150
3A22-0000-035E-B2C7,500,240,27,4361,167695,1,0,0,0,1,0,0,0,125,18,2,2,1,0,9,0,2,8,5,0,19,148,90,46,12,53
3A95-0000-0312-75FE,100,84,27,1319,98275,13,9,0,0,0,0,0,0,3,0,1,0,0,0,1,0,0,0,3,1,0,0,0,22,0,300
3B96-0000-034A-CAE0,500,132,27,3821,103830,20,0,0,0,1,0,0,0,37,1,1,0,0,0,0,0,0,0,4,0,5,1,39,66,2,113
3C3F-0000-030C-63EB,110,237,27,3883,90100,17,6,1,0,6,1,0,0,133,18,17,2,4,7,27,0,0,0,16,11,41,32,78,24,3,89
3BC2-0000-0355-E1E9,500,240,27,3855,120963,15,0,13,0,1,0,0,0,177,1,28,0,16,0,0,0,0,0,0,0,12,0,204,5,1,176
3C5E-0000-035E-6CF1,500,240,27,3306,106605,7,0,0,0,4,0,0,0,264,15,37,1,19,0,17,0,0,0,1,0,10,37,91,45,5,76
3CF6-0000-032F-14A1,500,240,27,861,19294,3,0,0,0,0,0,0,0,78,4,22,0,8,9,4,0,0,0,17,6,14,119,17,4,2,26
3D25-0000-0346-0FB7,30,240,27,2002,28116,35,3,0,1,3,0,0,0,92,7,0,0,3,4,9,0,0,0,100,4,8,47,47,14,2,4
3D58-0000-0331-1DBB,150,177,27,1156,16685,8,0,0,1,36,1,0,0,8,0,0,9,0,0,20,4,0,0,96,0,107,256,32,7,0,238
3D9A-0000-0331-EC8E,500,120,27,971,10690,7,1,0,0,0,0,0,0,0,0,0,0,0,0,18,0,0,0,0,0,3,0,6,0,0,2
39EE-0000-0332-CD7A,500,184,27,3216,94993,0,0,0,0,0,0,0,0,93,25,0,2,3,8,0,0,0,0,2,9,5,0,18,8,41,14
3EDD-0000-0363-2127,500,240,27,4000,72585,10,0,4,0,0,0,0,0,2,0,4,0,4,1,4,0,0,0,1,3,21,9,2,16,0,98
3EC6-0000-0304-E3A9,400,240,27,3238,88049,26,1,0,1,0,1,0,0,112,1,0,0,3,0,0,0,0,0,7,1,16,0,3,16,3,36
3F98-0000-030C-CBB0,20,189,27,4091,19988,0,0,0,0,0,0,0,0,414,42,0,0,0,0,121,0,0,0,0,0,1,626,17,65,0,96
3FF9-0000-0345-0E7F,70,130,27,701,22630,3,0,0,0,0,0,0,0,429,28,5,0,0,0,12,1,0,0,4,10,17,0,8,0,0,52
3FFC-0000-0355-E3A5,500,240,27,4185,65100,111,0,0,0,0,0,0,0,23,3,0,0,0,0,0,0,0,0,107,0,3,178,43,14,62,20
403A-0000-033F-8D19,500,240,27,1656,21775,12,13,1,0,0,0,1,0,84,12,0,0,1,0,0,16,0,1,33,0,5,57,19,10,31,16
407A-0000-036B-30BC,300,74,27,842,84672,6,0,4,0,1,0,0,0,6,8,0,0,8,0,8,0,0,0,10,0,12,0,10,16,2,5
40A4-0000-0337-5CC9,500,240,27,1298,36758,0,0,0,0,0,0,0,0,152,7,0,0,2,0,13,3,0,0,18,3,2,22,108,68,6,4
3E0B-0000-0308-19E1,50,228,27,1378,17043,0,18,0,0,0,0,0,0,3,6,1,0,0,0,27,0,0,0,0,0,329,49,42,5,0,221
410A-0000-0376-DED3,190,240,27,3646,20404,84,0,0,0,1,0,1,0,2,2,0,0,10,5,0,0,0,0,7,1,117,88,28,10,2,26
41BC-0000-0358-5B99,300,240,27,3204,30987,2,2,0,0,0,0,0,0,213,5,0,1,0,8,1,2,0,0,19,0,620,50,55,18,36,85
41F5-0000-0300-88CF,500,86,27,1546,15015,3,0,0,0,0,0,0,0,1426,0,0,0,1,0,2,0,0,0,0,0,0,11,2,0,0,0
43E1-0000-031F-E6CC,300,98,27,3409,35270,9,3,0,0,0,0,0,0,2,1,0,0,0,0,0,1,0,0,3,0,1,0,77,20,0,23
443F-0000-0354-345E,200,229,27,2379,79717,3,0,0,0,0,0,0,0,127,4,3,0,5,0,1,2,0,0,4,1,7,9,9,11,0,41
417A-0000-0389-57A3,500,240,27,3866,65533,5,12,0,3,11,1,0,0,148,36,2,0,25,2,4,0,0,0,3,3,210,38,42,7,3,60
44D2-0000-032D-8E64,130,84,27,3188,102155,16,0,0,0,0,0,0,0,718,15,38,0,4,0,43,0,0,0,1,3,396,171,55,7,3,296
44D9-0000-0368-A40E,20,240,27,1006,19440,0,1,0,0,1,0,0,0,177,8,0,0,21,16,0,0,0,0,69,2,0,6,1,5,4,73
4516-0000-030B-B0ED,200,240,27,2102,48416,2,1,2,0,0,0,0,0,89,0,0,0,0,0,0,0,0,0,6,1,6,3,1,5,0,85
452B-0000-0306-AD59,200,240,27,221,101240,6,0,15,0,0,0,0,0,0,0,0,0,0,0,0,0,0,0,0,0,9,0,37,98,0,25
454C-0000-0366-DDE5,500,240,27,4402,110602,25,0,24,11,0,0,0,0,52,0,24,0,3,0,8,0,0,0,2,0,12,0,204,8,0,0
45E8-0000-032C-4CCD,350,157,27,2930,111700,0,1,0,0,0,0,0,0,0,2,3,11,2,0,14,0,0,0,11,0,219,5,22,8,2,64
4447-0000-0309-0EF4,300,240,27,2346,41448,6,0,0,0,0,0,0,0,42,0,0,0,11,6,21,0,0,0,0,0,8,0,11,5,0,49
4619-0000-0336-3B49,40,240,27,1837,29930,0,14,0,0,0,8,0,0,114,2,0,6,0,0,0,0,0,0,5,3,106,307,6,0,0,232
4693-0000-0377-DE83,70,144,27,3824,57935,2,0,20,6,0,2,0,0,56,9,0,0,8,2,7,0,0,0,2,0,51,57,16,6,7,23
4705-0000-038D-0C82,420,226,27,373,88023,0,0,3,4,0,0,0,0,6,1,0,0,0,0,0,0,0,0,1,1,5,0,5,4,1,20
4730-0000-0337-88CC,250,240,27,1725,171466,11,0,3,0,14,1,2,0,64,36,0,1,0,4,16,2,0,0,8,0,10,3,4,8,0,65
4802-0000-038E-21AB,50,166,27,2873,33737,7,10,0,4,1,6,0,0,23,19,0,5,0,4,4,0,0,0,48,22,485,58,61,51,0,99
4688-0000-034E-601C,500,240,27,2210,26551,16,8,0,0,3,0,0,0,0,0,3,0,0,0,4,0,0,0,97,0,47,16,39,11,0,136
4862-0000-0347-B1F5,60,170,27,1360,0,4,0,1,1,0,0,0,0,20,1,0,0,0,0,9,1,0,0,7,0,2,16,104,1,2,41
489D-0000-033A-446D,40,24,27,1309,32250,4,27,0,0,0,0,0,0,137,0,4,4,0,0,0,0,0,0,9,4,102,44,54,4,0,279
48CB-0000-0326-5402,20,240,27,1778,3343,33,0,0,0,0,0,0,0,280,0,0,0,0,0,0,0,0,0,100,0,100,27,39,2,0,856
4935-0000-0376-984D,500,157,27,772,9588,0,0,0,0,6,0,0,0,14,0,0,0,61,3,1,0,0,0,154,2,14,34,13,2,2,54
482D-0000-0345-17E8,30,240,27,1280,25287,0,34,0,0,0,0,0,0,2,19,0,2,0,41,0,3,0,0,3,0,63,7,2,0,0,350
49F9-0000-0324-9250,30,104,27,1676,15350,0,3,0,0,54,0,0,0,146,0,72,0,0,0,0,0,0,0,88,0,11,18,52,41,0,0
4A67-0000-031A-97E7,500,240,27,1113,100696,4,14,0,2,2,0,0,0,141,11,0,0,4,2,8,0,0,0,3,0,16,381,7,18,1,24
4B1E-0000-0328-E805,50,130,27,1481,34155,7,4,5,0,2,0,0,0,22,44,3,104,0,0,0,0,0,0,81,2,7,104,29,7,0,162
4C28-0000-0363-59AC,60,240,27,2937,53710,2,7,0,0,64,0,0,0,74,15,8,1,1,5,12,5,0,0,80,43,55,20,23,93,2,26
49F8-0000-0320-00A0,100,240,27,3805,47863,4,0,0,0,1,0,0,0,0,0,0,0,0,0,0,0,0,0,13,0,34,40,57,6,0,77
4CC8-0000-033D-596C,500,240,27,1950,20605,8,0,1,0,0,0,0,0,40,0,1,0,0,0,1,0,0,0,4,0,105,6,185,0,0,27
4D36-0000-0317-5486,500,240,27,1783,85797,0,0,0,0,0,0,0,0,61,28,0,0,0,0,0,0,0,0,0,0,7,0,43,6,9,1
4D3F-0000-032B-616F,100,71,27,54,4947,4,0,0,0,4,0,0,0,5,2,0,0,4,0,3,0,0,0,0,1,1,3,5,1,1,0
4D66-0000-031A-107C,20,99,27,313,8727,1,0,0,0,0,3,6,0,12,17,0,0,0,6,11,0,0,0,25,0,4,24,18,4,3,20
4E14-0000-0337-95A7,500,240,27,2786,57865,36,0,2,0,3,0,0,0,16,0,0,0,2,0,4,0,0,0,0,2,13,1,1,13,1,20
4D12-0000-0323-5202,40,240,27,2143,27557,0,1,0,0,0,0,0,0,16,6,0,0,0,0,6,0,0,0,7,0,114,56,77,49,0,32
4E42-0000-0329-C03D,300,240,27,1599,23177,7,0,1,0,0,0,0,0,8,0,0,0,0,0,1,0,0,0,0,0,7,0,0,8,0,125
4EC8-0000-0340-2B68,500,188,27,4501,95405,27,0,14,0,2,0,0,0,221,36,1,0,61,11,13,0,0,0,2,1,523,2,25,72,0,0
4E40-0000-030B-B07A,240,216,27,3526,54213,10,0,0,3,49,5,0,0,39,2,1,0,0,0,10,1,0,0,2,0,7,36,46,16,1,92
4F32-0000-032D-9E0D,50,240,27,3214,49821,14,5,0,0,6,0,0,0,248,18,6,4,11,4,27,0,0,0,43,6,23,37,85,7,4,21
4F80-0000-0326-FB10,500,150,27,243,14823,0,0,0,0,0,0,0,0,11,0,0,0,0,0,0,0,0,0,0,0,0,32,2,8,0,0
5011-0000-0358-B0A1,500,191,27,4326,48883,124,0,0,0,0,0,0,0,322,0,76,0,0,0,0,0,0,0,3,0,13,221,2,4,0,12
507F-0000-032D-0AF7,400,79,27,1862,21666,1,0,0,0,0,0,0,0,2,0,4,0,0,0,0,0,0,0,0,1,66,34,37,4,1,0
4F80-0000-030E-0FD4,10,119,27,444,9789,1,0,0,0,0,0,0,0,0,0,49,0,0,0,0,0,0,0,3,0,4,0,14,0,0,319
51FE-0000-0357-C895,500,240,27,3774,9296,14,2,0,0,6,0,0,0,306,7,1,0,2,0,2,0,0,0,0,0,83,11,8,53,2,22
520E-0000-030F-5871,500,240,27,1789,54797,0,0,0,0,2,0,0,0,64,7,11,6,18,0,0,0,0,0,5,0,5,0,6,22,24,21
5233-0000-0321-94CF,60,240,27,2006,45745,6,0,0,0,1,0,0,0,1556,57,2,0,14,0,8,0,0,0,0,0,8,24,19,6,0,58
529A-0000-0331-1E04,60,192,27,548,13652,0,0,0,0,0,0,0,0,4,75,0,0,0,0,0,0,0,0,0,0,0,0,0,0,0,414
52E7-0000-033B-C0D8,240,231,27,763,27880,4,0,10,0,3,0,0,0,31,0,3,0,9,0,0,0,0,0,0,0,4,0,1,3,0,29
5372-0000-036F-ACE1,60,130,27,1567,49802,21,2,0,0,8,0,0,0,106,34,4,1,0,0,0,0,0,0,3,5,65,68,7,8,0,228
5419-0000-032E-5661,500,220,27,4432,148825,18,0,22,1,4,0,0,0,268,3,3,3,6,3,8,0,0,0,5,1,13,0,143,19,2,0
5459-0000-0337-23AC,500,240,27,2133,21209,19,0,3,0,3,0,0,0,51,36,2,0,2,1,16,1,0,1,91,1,398,8,168,0,12,90
510C-0000-0349-F0E4,500,28,27,151,6850,0,0,0,0,0,0,0,0,3,1,0,0,0,0,0,0,0,0,4,0,0,7,10,4,0,1
5485-0000-032A-405D,40,192,27,2137,37248,0,0,0,0,0,0,0,0,168,9,53,0,0,0,4,0,0,0,85,0,285,25,0,6,0,0
54CD-0000-032A-2309,10,39,27,870,7514,0,0,0,0,0,0,0,0,0,0,0,0,0,0,0,0,0,0,0,0,0,3,3,0,0,51
5516-0000-0313-1C33,500,240,27,4524,172550,0,0,0,0,0,1,0,0,30,88,0,3,3,22,11,0,0,0,6,0,30,12,315,23,2,231
556F-0000-032F-0EC7,500,207,27,1882,63475,1,0,1,0,0,0,0,0,159,15,0,0,2,0,2,0,24,1,0,0,6,1,2,14,0,82
5596-0000-0321-A519,500,84,27,914,30892,9,4,5,2,3,3,0,0,25,4,28,6,0,0,3,0,0,0,5,2,0,0,5,2,0,13
55A9-0000-0327-3D8A,200,159,27,1853,43133,29,0,0,0,0,0,0,0,0,0,0,0,0,0,42,0,0,0,2,0,0,75,0,2,7,0
55C5-0000-0316-6CA7,20,99,27,1178,13289,0,0,0,0,0,0,0,0,1057,5,0,0,0,11,0,0,0,0,0,0,0,0,0,0,3,77
564D-0000-0304-87A8,350,157,27,2263,31850,2,0,9,4,3,0,0,0,10,22,0,0,0,0,1,0,0,0,9,3,18,0,3,13,0,105
5704-0000-0300-9046,50,106,27,347,11620,0,0,0,0,0,0,0,0,0,27,0,0,0,0,0,3,0,0,3,1,0,1,0,24,0,237
57F8-0000-0345-A60E,10,54,27,756,7040,0,0,0,0,0,0,0,0,33,0,0,0,0,0,0,0,0,0,3,0,20,0,5,2,1,0
5844-0000-0327-3692,120,240,27,1500,49074,0,0,0,0,0,0,0,0,25,0,0,0,0,0,0,0,0,0,57,0,6,184,138,45,5,0
2B0C-0000-0319-618C,30,84,27,756,23497,0,2,0,0,0,0,0,0,70,2,0,0,43,0,4,2,0,0,9,0,6,5,1,10,0,1
586C-0000-0323-DE10,400,240,27,1377,27183,13,4,0,0,0,0,0,0,4,0,2,0,0,0,0,0,0,0,5,1,22,78,7,24,0,142
54B8-0000-0347-4495,500,68,27,2132,22750,0,0,0,0,3,0,0,0,108,0,0,0,1,0,99,0,0,0,36,0,40,206,1,14,6,0
595A-0000-0325-C9EF,400,240,27,3288,105132,0,0,0,0,0,0,0,0,22,9,0,0,21,0,0,0,0,0,0,0,26,0,14,12,0,171
596A-0000-0375-6596,500,240,27,2912,119210,9,37,0,1,6,0,2,0,150,28,0,0,4,3,13,0,0,0,1,0,15,12,48,86,0,91
599A-0000-0357-F1E7,420,240,27,1164,37829,0,0,0,5,1,0,0,0,27,0,2,0,7,7,4,0,0,0,1,0,11,0,16,10,1,41
599F-0000-0302-0EAA,500,206,27,891,22344,0,0,0,0,0,0,0,0,2,3,0,0,38,2,0,0,0,0,4,0,5,0,2,6,0,53
59DB-0000-0374-E516,50,202,27,470,46463,0,0,0,1,0,0,0,0,52,36,0,0,0,0,3,0,0,0,0,2,0,16,2,0,0,304
5A5F-0000-0357-0784,500,148,27,1615,14556,7,0,17,0,0,0,0,0,0,0,0,0,3,0,2,0,0,0,22,1,5,5,12,6,18,570
59DD-0000-0321-4976,500,240,27,695,20273,24,1,2,1,0,0,0,0,6,0,1,0,0,0,4,1,1,0,1,0,3,9,9,3,0,0
5924-0000-0327-6AB1,20,76,27,431,6425,0,0,0,0,0,0,0,0,22,0,0,0,0,0,0,0,0,0,0,0,0,0,4,0,0,0
5B0E-0000-033C-394B,500,139,27,305,47796,3,0,1,0,0,0,0,0,19,0,0,0,17,12,2,0,0,0,0,0,17,60,24,0,1,0
5B53-0000-036C-57C6,150,132,27,834,10076,2,8,0,2,19,0,0,0,11,17,0,0,27,1,1,1,0,0,0,1,3,9,3,1,1,131
5AB9-0000-038F-A23E,500,240,27,4009,84908,2,4,0,0,0,2,0,0,14,10,3,0,0,0,0,0,0,0,16,0,1,6,18,14,6,4
5B58-0000-031F-891F,500,240,27,3995,131297,0,0,0,0,0,0,0,21,52,44,0,0,0,52,56,0,0,0,9,0,16,9,363,8,1,595
5C2B-0000-0321-33BA,500,84,27,1559,27006,0,0,0,0,0,0,0,0,30,0,0,0,0,0,0,0,0,0,7,0,36,0,14,20,0,0
5C51-0000-0332-FCC7,10,98,27,646,5433,4,2,0,0,0,0,0,0,4,2,0,1,0,1,0,3,0,0,5,13,16,14,0,8,0,0
5D42-0000-033C-925F,40,240,27,2227,30207,0,1,0,0,0,0,0,0,41,20,0,0,0,0,0,2,0,0,13,0,0,13,69,46,10,231
5D52-0000-034E-D17F,300,240,27,524,37700,10,0,4,0,3,0,0,0,32,2,2,0,0,0,5,2,0,0,0,0,8,0,5,6,0,43
5DA4-0000-0349-71CF,250,240,27,2031,62135,0,0,0,0,0,6,0,0,94,5,0,0,81,28,8,0,0,0,1,1,62,7,4,4,2,91
5DAA-0000-031F-BBE0,500,240,27,3690,151405,3,0,12,0,0,0,0,0,98,0,27,0,13,3,0,0,0,0,0,1,17,0,75,10,0,4
5DE1-0000-032C-4B93,40,240,27,118,32374,0,0,0,0,0,0,0,0,0,0,0,0,0,0,0,0,0,0,3,0,0,106,0,0,0,0
5DE7-0000-0347-C219,30,240,27,1748,9570,6,3,42,0,0,0,0,0,294,1,0,0,0,0,0,0,0,0,59,0,93,6,10,2,0,940
5E51-0000-033F-B820,420,240,27,1384,36233,5,0,0,0,0,0,0,0,14,0,0,0,0,8,3,0,0,0,3,0,7,1,9,6,0,76
5E7D-0000-0363-EA71,350,239,27,4213,231161,1,2,6,7,1,0,0,0,1,3,0,0,0,4,3,1,0,0,9,26,9,15,6,29,3,375
5ED1-0000-0359-F0F7,300,177,27,4064,144410,1,0,0,0,1,0,0,0,84,2,0,1,0,0,0,0,0,0,3,1,6,3,52,81,2,278
5F71-0000-0339-FF3E,10,104,27,1195,9921,4,0,0,0,0,0,0,0,90,0,0,0,0,0,0,0,0,0,0,0,2,21,4,0,0,64
5BF6-0000-0357-95CC,500,62,27,1936,16951,0,0,0,0,0,0,0,0,338,1,0,0,0,0,0,0,0,0,5,0,6,0,64,8,1,289
6067-0000-0340-A599,500,240,27,1048,20541,19,0,3,0,0,0,0,0,0,0,0,0,0,0,0,0,0,0,0,0,7,0,74,3,0,64
611E-0000-0365-BDEB,500,240,27,2267,233065,23,12,2,2,11,3,1,4,303,11,22,15,2,2,32,4,0,0,15,13,20,11,51,30,6,49
612A-0000-0346-B88E,500,240,27,3213,211409,3,0,0,0,27,0,0,0,44,21,8,0,0,0,55,0,0,0,4,3,20,4,58,66,9,90
07DE-0000-032F-905E,20,84,27,149,12125,12,0,0,0,0,0,0,0,36,0,0,0,0,0,0,0,0,0,0,0,0,9,0,0,0,0
615E-0000-031F-1BDC,30,225,27,2224,11633,3,0,2,0,3,0,0,0,58,39,8,0,65,0,14,0,0,0,31,1,457,12,11,12,2,37
630E-0000-0324-834E,500,156,27,2022,14200,0,0,0,0,0,0,0,0,2005,1,4,2,0,0,0,0,0,0,0,0,0,1,0,2,0,0
6228-0000-035A-00B7,50,84,27,863,7206,0,0,0,0,0,0,0,0,44,0,0,0,0,0,0,0,0,0,1,0,137,81,1,8,11,284
6356-0000-034C-7B17,270,153,27,2256,122589,8,1,0,0,1,0,0,0,206,7,0,0,6,0,0,0,0,0,10,1,2,12,142,22,5,50
6376-0000-0324-B7B5,40,71,27,300,5049,3,0,0,0,2,0,0,0,11,7,0,0,0,10,2,0,0,0,1,1,0,28,18,12,2,9
5FB1-0000-0316-7BD1,500,142,27,726,48228,18,0,0,0,1,0,0,0,95,3,4,0,0,0,11,1,0,0,7,2,27,14,19,11,0,49
63C5-0000-0310-4D8A,300,240,27,1701,18901,7,2,3,0,5,0,1,0,20,5,0,1,2,3,2,0,0,0,2,0,17,4,15,9,0,99
63D6-0000-0303-9192,10,67,27,749,7668,0,0,0,0,1,0,0,0,520,0,0,0,0,0,2,0,0,0,3,0,63,0,0,1,19,0
641C-0000-0324-9268,10,24,27,453,1589,0,0,0,0,0,0,0,0,135,0,0,0,0,0,0,0,0,0,34,0,0,20,20,2,0,0
6458-0000-0324-7B8D,500,208,27,3506,76970,1,0,0,0,0,0,0,0,90,2,1,1,18,1,2,0,0,0,0,0,7,3,3,18,5,0
6417-0000-0343-6C9B,20,86,27,566,15269,0,0,0,0,0,0,0,0,17,20,0,0,23,0,0,0,0,0,1,0,0,34,0,4,0,323
6488-0000-030E-EFFE,300,240,27,3448,122266,0,0,44,0,3,14,0,0,6,1,29,0,58,0,31,2,0,0,1,4,544,0,72,21,0,23
64DD-0000-0364-90F0,20,67,27,2000,19200,12,0,0,0,0,0,0,0,15,0,11,0,0,0,0,0,0,0,0,0,5,37,36,7,1,7
646B-0000-0357-ECA3,20,220,27,2222,19853,21,0,2,0,0,0,0,0,1079,0,0,0,0,0,5,0,0,0,39,0,3,34,13,3,1,3
6577-0000-0353-9618,400,180,27,3432,28546,0,0,0,0,8,0,1,0,15,0,0,0,0,0,0,0,0,0,1,2,125,0,1,32,0,2
6570-0000-030C-1C88,500,240,27,3138,45587,6,1,8,0,0,0,0,0,0,0,0,0,0,0,7,0,0,0,12,44,9,4,0,6,0,162
663F-0000-035E-8FE3,500,240,27,4042,199084,0,0,0,0,0,0,0,0,44,12,4,0,32,46,6,0,0,0,3,0,16,63,116,53,2,68
6667-0000-0306-75D4,500,240,27,3592,135600,1,0,4,0,11,0,0,0,113,3,8,0,0,1,7,0,0,0,3,0,6,14,20,21,16,7
669A-0000-0367-3C67,30,240,27,819,20531,0,9,0,0,0,0,0,0,249,1,0,0,0,0,84,2,0,0,0,0,0,6,32,0,0,253
6725-0000-0322-4837,20,84,27,193,8850,2,0,0,0,0,0,0,0,18,0,0,0,10,0,0,0,0,0,3,0,11,0,0,0,0,38
6728-0000-0339-9D3B,500,240,27,3686,168664,1,0,0,5,0,0,0,0,113,29,2,0,4,6,17,0,0,0,8,6,2,27,243,18,0,119
6740-0000-0312-7CB8,500,240,27,719,12055,0,0,0,0,0,0,0,0,0,0,0,0,0,0,0,0,0,0,0,0,0,1,98,4,0,0
67CF-0000-035F-BC1D,500,80,27,2651,22669,0,0,0,0,0,0,0,0,29,8,0,0,0,0,0,0,0,0,8,0,4,2,18,32,2,22
687C-0000-0373-14A5,110,240,27,1832,20887,0,1,0,0,0,5,0,0,362,23,1,16,0,27,12,7,0,0,0,0,46,117,260,4,0,406
68C8-0000-0334-7C85,20,171,27,600,14964,0,0,2,0,0,0,0,0,21,0,1,0,7,0,8,0,0,0,0,1,77,12,0,4,0,0
68D4-0000-033A-73B9,420,212,27,1630,46579,0,3,0,0,0,0,1,0,45,1,1,0,1,2,0,0,1,0,2,1,10,4,14,20,1,26
68ED-0000-032D-4B86,30,240,27,833,23023,3,70,0,0,0,1,0,0,34,5,0,1,0,0,14,1,0,0,0,0,0,0,2,0,0,133
692E-0000-035F-D6B0,10,60,27,1410,9792,9,0,3,0,0,0,0,0,33,3,0,0,0,0,1,0,0,0,0,0,559,22,28,4,1,118
6956-0000-0360-E4C4,90,176,27,2597,47597,0,3,6,0,0,0,0,0,20,8,0,0,0,3,3,1,0,1,5,1,13,9,30,6,1,70
699D-0000-0376-DE61,500,240,27,2215,95096,31,0,0,0,1,0,0,0,34,0,30,0,0,0,0,0,0,0,94,0,25,0,3,8,0,481
69B5-0000-0383-5956,500,217,27,3543,113850,2,2,8,3,0,4,0,0,57,30,2,0,16,19,8,0,0,0,17,6,403,11,15,17,1,4
69D0-0000-034C-77F5,40,128,27,2088,25656,14,0,0,0,0,0,0,0,101,0,0,0,0,0,8,0,0,0,0,0,206,22,13,10,3,19
6A6A-0000-0335-26CD,30,84,27,37,7128,0,0,0,0,0,0,0,0,0,0,0,0,10,14,0,0,0,0,0,0,0,0,0,0,0,0
6AFC-0000-0353-9AE7,500,240,27,1275,18905,7,0,2,1,0,0,0,0,10,1,6,0,0,0,1,0,0,0,0,1,4,0,0,0,0,23
6B4C-0000-0333-A149,500,203,27,4252,127966,6,5,0,0,1,2,0,0,42,5,0,1,0,0,30,2,0,0,12,6,9,52,72,25,4,39
6BD8-0000-0363-809A,100,190,27,2210,83575,34,4,6,2,1,0,0,0,2,0,7,3,0,1,0,0,0,0,86,42,0,0,0,0,0,0
6BE4-0000-037E-335A,500,240,27,2722,144795,10,35,6,0,17,1,3,0,230,26,0,0,6,0,1,0,0,0,3,0,15,5,31,136,0,132
6C2E-0000-031D-6804,280,37,27,985,46905,8,0,0,0,0,0,0,0,0,0,0,0,0,0,0,0,0,0,2,0,24,0,0,21,15,2
6CA5-0000-0329-1E4C,300,128,27,667,30245,2,0,0,0,0,0,0,0,0,0,0,0,0,0,22,0,0,0,0,0,3,0,5,6,0,32
6C87-0000-0343-077E,150,159,27,317,24452,4,1,0,0,1,0,0,0,28,3,2,0,0,0,0,0,0,0,0,0,1,1,2,4,0,9
6CAA-0000-0346-F5DF,50,240,27,1509,49190,33,13,0,0,0,0,0,0,632,75,2,0,0,0,5,1,0,0,140,3,2,139,71,29,11,0
6CF7-0000-0322-37C7,500,84,27,2592,56583,0,0,0,0,0,0,0,0,17,4,2,0,2,0,6,0,0,0,1,1,2,0,18,24,3,0
6D02-0000-030A-45D5,500,127,27,827,22650,6,0,0,0,4,0,0,0,171,6,0,0,0,0,2,0,0,0,0,1,7,0,1,10,0,77
6D1F-0000-0307-BB09,50,84,27,748,15967,12,0,0,0,0,0,0,0,63,10,0,0,0,0,1,0,0,0,6,0,4,11,16,16,0,156
6D20-0000-0322-CD76,500,230,27,194,26470,0,0,0,0,0,0,0,0,0,0,0,0,0,0,4,0,0,0,3,0,0,22,10,0,0,20
6D64-0000-0314-9800,20,35,27,723,15186,5,0,22,0,0,0,0,0,35,0,11,0,0,0,0,0,0,0,1,0,78,18,4,6,2,21
6DE7-0000-0353-5169,250,126,27,320,27438,0,0,1,0,0,0,0,0,46,16,2,0,0,0,0,0,0,0,0,0,0,1,11,7,7,18
6E43-0000-0355-7AF0,200,240,27,2089,32147,4,4,0,1,1,0,4,0,113,11,6,0,0,1,0,1,0,0,5,15,149,140,13,28,0,25
6E2B-0000-0367-A787,400,191,27,2730,87563,5,0,0,0,0,0,0,0,57,20,0,0,0,0,1,0,0,0,6,0,44,0,49,16,54,82
6F44-0000-0327-B0A0,500,84,27,467,6655,0,0,0,0,0,0,0,0,4,4,0,0,0,0,18,0,0,0,0,1,5,0,0,1,0,3
6597-0000-0354-33CD,500,84,27,698,20536,0,0,0,0,0,0,0,0,12,0,0,0,52,0,15,0,0,0,1,1,46,6,4,8,8,42
6F99-0000-0336-F0A7,500,36,27,612,47250,0,0,0,0,0,0,0,0,1,0,0,0,0,0,0,0,0,0,2,4,1,8,23,6,1,0
7015-0000-032F-9931,10,121,27,2020,9985,0,0,0,0,0,0,0,0,42,14,0,0,0,0,0,0,0,0,3,0,26,0,0,0,0,0
7077-0000-0327-E392,300,84,27,2018,101847,1,2,0,0,0,0,0,0,785,1,0,1,1,0,5,0,0,0,9,0,26,42,11,33,2,5
70BE-0000-0336-91E8,40,240,27,1715,26327,0,38,0,0,0,8,0,0,107,0,0,11,0,0,0,0,0,0,58,8,154,82,3,1,0,232
70CD-0000-0361-94F4,500,240,27,3388,92173,7,0,1,0,12,0,0,0,345,18,0,0,3,0,0,0,0,0,0,0,37,14,3,10,0,1
7147-0000-0349-9C32,500,94,27,3343,57043,1,1,0,0,0,1,0,0,67,1,1,1,3,0,0,0,0,0,73,0,217,9,1,24,5,38
714D-0000-0322-F505,10,84,27,1494,7288,1,0,0,0,0,0,0,0,1295,17,35,0,0,0,0,0,0,0,0,0,0,0,0,0,0,69
7256-0000-032E-AF52,350,240,27,2268,72370,2,18,1,4,0,0,0,0,1,4,1,4,0,0,0,3,0,0,9,2,3,144,161,19,1,181
726A-0000-0328-C7DF,180,84,27,2016,72305,0,0,0,0,0,0,0,0,14,0,0,0,0,0,1,0,0,0,0,0,546,16,0,0,0,0
7287-0000-0332-A266,400,157,27,3637,53059,5,0,0,0,0,0,0,0,0,0,0,0,0,0,0,0,0,0,1,0,35,190,58,98,123,232
73B2-0000-033F-01A5,30,94,27,3760,29816,0,0,0,0,0,0,0,0,348,74,0,0,0,0,40,0,0,0,1,0,3,752,9,6,0,0
74B2-0000-0334-54FE,500,198,27,1904,34248,32,0,0,0,0,0,2,0,0,0,30,0,0,0,18,0,0,0,101,0,0,210,3,4,39,0
74E2-0000-033C-A7CF,500,240,27,1323,16273,0,0,2,0,4,0,0,0,14,8,0,0,14,5,5,0,0,0,16,20,0,25,13,2,1,0
760A-0000-035E-75DA,500,240,27,3196,121791,9,0,14,0,10,0,0,0,46,29,6,0,0,0,16,0,0,0,0,2,10,69,43,19,0,59
76A2-0000-0332-48F2,10,46,27,1122,3763,0,0,0,0,0,0,0,0,113,0,0,0,0,0,0,0,0,0,0,0,31,0,0,0,0,0
773E-0000-0322-5046,500,120,27,1511,26225,10,0,2,1,0,0,0,0,2,4,5,0,0,0,0,0,0,0,4,0,23,2,1,6,0,36
7771-0000-0324-480F,50,66,27,2389,31926,0,0,0,0,0,0,0,0,0,0,0,0,0,0,0,0,0,0,7,0,26,100,13,10,0,19
7793-0000-0340-7D5F,280,240,27,3146,167590,11,0,2,0,0,3,0,0,25,10,2,0,11,4,8,0,0,0,5,3,35,25,49,29,2,157
7921-0000-0310-F5F5,50,189,27,535,40458,0,0,0,0,1,0,0,0,483,5,18,6,0,0,2,0,0,0,1,1,0,6,2,0,0,0
79D3-0000-032C-CBE4,30,240,27,1381,15639,14,9,3,0,3,0,1,0,2,0,0,0,6,0,14,0,0,2,69,7,0,0,67,0,0,395
7A3D-0000-0331-1E25,500,240,27,4176,6993,17,0,0,0,34,0,0,0,307,12,0,0,1,0,0,0,0,0,15,2,28,12,198,20,7,73
7A87-0000-0329-BF83,300,240,27,1395,21741,7,0,2,0,2,0,0,0,4,0,0,0,0,0,1,0,0,0,0,0,11,1,0,6,0,72
7A9A-0000-0387-10B2,30,154,27,255,16167,0,0,0,0,0,0,0,0,182,0,0,0,0,0,2,0,0,0,0,1,0,0,2,4,1,24
7ABB-0000-0323-74EE,500,106,27,492,32737,0,0,0,0,23,0,0,0,90,1,0,0,0,0,1,1,0,0,0,0,5,0,0,8,0,0
7AE8-0000-0351-A6AF,500,240,27,2145,28288,14,0,0,0,6,0,0,0,3,0,0,0,3,0,5,0,0,0,1,3,6,54,21,12,3,0
7B5D-0000-0325-C015,500,105,27,1174,29832,0,0,0,0,0,0,0,0,67,4,0,0,0,0,1,0,0,0,0,0,2,2,13,0,3,1
7C3B-0000-0334-80E7,500,240,27,2691,84420,7,0,0,0,0,0,0,0,144,2,0,0,7,0,7,3,0,0,6,1,18,0,9,30,3,22
7D0D-0000-033F-8D2B,30,157,27,2318,28930,2,16,0,0,7,6,0,0,834,30,0,1,0,15,10,0,0,0,28,0,55,110,24,71,21,13
7D27-0000-034A-CFF1,500,180,27,4245,102077,3,0,0,0,1,0,0,0,23,3,1,0,31,0,20,0,0,0,6,0,48,23,235,36,5,11
7D4F-0000-0325-827B,500,144,27,1393,11850,1,0,0,0,5,0,1,0,1103,0,5,0,77,0,3,0,0,0,3,2,0,1,0,0,0,0
7E29-0000-034E-912A,20,234,27,720,19969,0,0,0,0,0,0,0,0,0,0,0,0,0,0,0,0,0,0,1,0,0,0,0,0,0,0
7E3B-0000-0334-AE2C,420,240,27,1348,59178,2,0,3,0,0,0,0,0,65,11,0,0,4,6,0,1,0,0,1,0,11,2,5,9,2,15
7E5C-0000-0350-045B,40,240,27,1625,25169,0,0,0,0,0,20,0,0,115,1,0,0,21,0,0,1,0,0,13,0,182,66,33,30,23,0
7EC2-0000-035D-A325,40,84,27,1609,33616,0,0,0,27,0,0,0,0,58,7,0,34,0,32,23,0,0,0,0,0,0,11,2,4,0,560
7F7D-0000-033E-CD9A,500,240,27,2455,36856,1,0,0,0,0,0,0,0,35,4,0,0,22,9,3,0,0,0,101,17,14,6,8,15,7,186
7F0F-0000-0354-530D,250,240,27,1458,94882,0,0,0,0,0,0,0,0,30,5,19,3,11,19,8,0,0,0,1,0,11,0,3,11,2,58
7FAA-0000-035D-6D48,500,141,27,607,71397,0,0,1,1,0,1,0,0,333,22,0,0,0,40,3,0,0,0,0,1,0,34,19,0,1,0
7FC4-0000-034C-2E41,500,240,27,3549,78967,23,2,1,4,4,0,0,0,277,18,2,0,3,0,0,0,0,0,0,4,15,16,4,19,1,19
7FE1-0000-0361-9C3A,60,92,27,2980,31835,9,6,5,1,0,0,0,0,1,1,0,0,0,0,0,0,0,0,3,4,6,2,57,10,1,45
7FF1-0000-0330-93BE,500,240,27,1054,47993,30,0,2,0,0,0,0,0,965,4,0,0,1,1,0,0,0,0,0,0,0,8,0,4,0,0
807E-0000-0349-D4CD,20,231,27,1706,19617,19,0,0,0,5,0,0,0,288,89,0,0,0,0,2,0,0,0,7,1,14,27,46,14,0,190
8102-0000-0312-822E,20,98,27,2041,14338,0,4,0,0,0,0,0,0,1970,1,0,3,0,0,0,1,0,0,0,0,0,3,20,4,1,0
812D-0000-0332-6E90,500,120,27,615,11477,6,0,0,0,0,0,0,0,209,31,0,0,0,0,6,0,0,0,46,0,73,11,5,0,0,77
816B-0000-02FF-C0B5,20,96,27,1069,18350,0,0,1,1,0,0,0,0,16,7,12,0,1,2,1,1,0,0,8,1,7,5,23,9,42,32
8323-0000-0311-77FE,450,235,27,1104,17127,0,0,0,0,0,0,0,0,26,0,0,0,18,0,1,3,0,0,24,3,4,85,11,8,0,3
8327-0000-0339-C9C6,120,54,27,396,13654,0,0,0,0,0,0,0,0,12,0,0,0,0,0,0,0,0,0,0,1,4,1,0,2,0,12
837B-0000-0321-C151,500,240,27,3731,84183,7,0,0,16,7,0,0,0,14,2,0,0,0,4,0,0,0,0,25,3,17,7,142,41,4,7
83AB-0000-034A-E2EA,500,240,27,2379,106770,0,13,0,5,0,0,0,0,538,53,0,16,0,8,0,3,0,0,4,0,27,0,232,9,0,20
83E0-0000-0369-4624,40,84,27,761,7875,0,0,0,0,0,0,0,0,581,0,0,0,0,0,0,0,0,0,1,0,21,0,0,6,0,109
847B-0000-0331-22DF,60,228,27,3398,34979,16,40,0,9,3,0,0,0,263,22,6,11,0,0,20,1,0,0,7,13,0,31,5,14,19,346
84AB-0000-035B-D097,200,239,27,742,4157,4,0,2,1,2,4,1,0,15,0,0,0,4,0,0,0,0,0,0,1,15,1,2,8,0,27
84EF-0000-0316-F63B,500,240,27,1398,121864,27,0,2,0,26,0,0,0,156,5,3,0,3,9,23,0,0,0,16,3,0,99,20,12,4,4
85D1-0000-034F-F0AA,30,240,27,2030,23648,19,0,5,0,0,0,0,0,139,10,0,0,0,0,1,0,0,0,0,0,227,237,19,0,1,175
86C1-0000-033C-3440,500,80,27,216,8856,8,0,2,0,0,0,0,0,46,0,0,0,0,8,3,0,0,0,0,0,0,52,18,0,0,0
8709-0000-0330-8B8E,500,132,27,163,23466,4,0,0,0,0,0,0,0,12,2,0,0,0,0,3,0,0,0,0,0,0,29,11,0,0,0
8757-0000-032D-9E74,350,225,27,4361,146483,0,0,0,0,0,0,0,0,65,8,22,9,0,0,50,0,0,0,104,7,4,1,22,18,11,49
8769-0000-0329-BFA1,200,240,27,1337,19686,30,0,6,0,0,0,0,0,1,0,0,0,0,0,1,0,0,0,0,0,6,10,1,5,0,88
8820-0000-036A-D898,500,43,27,537,3805,0,0,0,0,0,0,0,0,0,0,0,0,0,0,0,0,0,0,0,0,4,1,23,2,0,11
6F78-0000-0316-3A85,500,240,27,2050,136980,0,0,0,0,0,0,0,0,0,4,0,0,0,0,4,0,0,0,155,0,88,2,3,11,0,0
8845-0000-030F-A80C,300,240,27,2141,33959,0,0,0,0,0,0,0,0,0,0,0,0,0,0,8,0,0,0,36,1,239,0,1,8,4,156
88DF-0000-031A-759D,60,104,27,921,28963,3,0,8,2,0,0,0,0,2,0,5,1,4,1,0,0,0,0,2,0,2,0,31,2,0,20
8922-0000-0326-E3B4,400,216,27,3452,63614,6,0,0,0,2,0,2,0,60,49,0,0,3,0,0,1,0,0,1,0,4,11,0,12,4,0
8956-0000-0326-553E,60,24,27,134,1399,5,0,0,0,0,0,0,0,6,0,0,0,0,0,12,0,0,0,0,0,0,0,0,4,0,0
8995-0000-0341-3318,500,240,27,3122,118316,7,0,0,0,5,0,0,0,113,23,4,0,2,0,75,0,0,0,1,0,21,1,51,45,33,76
89B0-0000-033C-D663,90,240,27,4213,84840,1,0,0,3,0,0,0,0,147,44,0,4,11,28,20,0,0,0,3,7,29,12,15,15,1,240
89F3-0000-033F-58D9,500,235,27,3862,216209,11,0,9,0,4,0,0,0,220,0,35,7,5,3,5,0,0,0,4,3,15,0,96,17,1,43
899C-0000-0328-5B33,500,185,27,2148,17710,10,1,0,0,0,0,0,0,7,1,0,0,0,0,2,0,0,0,3,0,6,2,46,0,0,0
8A10-0000-0359-3AC2,500,240,27,1680,21279,2,6,0,0,1,0,0,0,164,3,7,0,28,0,13,1,0,0,29,10,70,843,12,32,6,29
8A4C-0000-0300-31F2,120,84,27,1714,32324,3,0,0,0,0,0,0,0,64,0,0,0,0,0,2,0,0,0,3,3,773,19,0,10,21,38
8A50-0000-0309-EB3C,500,217,27,1522,401063,0,0,0,0,0,0,0,0,130,2,0,0,55,13,0,0,0,0,92,24,7,47,4,18,2,43
8AA0-0000-0307-CC1F,420,240,27,635,40727,2,0,0,0,1,0,0,0,27,3,3,0,0,0,1,0,0,0,5,0,4,6,11,4,4,18
8AFE-0000-033D-3502,300,68,27,2309,37466,1,0,0,0,1,0,0,0,13,7,0,0,0,0,6,0,0,0,1,1,2,5,18,12,89,17
8A62-0000-0315-112B,500,84,27,343,6574,6,0,0,0,0,0,0,0,0,0,2,0,0,0,0,0,0,0,0,0,1,0,1,26,0,14
8BAA-0000-032B-A516,290,104,27,667,9817,14,4,6,90,0,0,0,0,0,0,0,0,0,0,0,0,0,0,1,1,7,5,0,14,0,32
8BE5-0000-034D-EA2E,500,152,27,4411,45708,32,0,0,0,117,0,0,0,310,0,0,0,0,0,3,0,0,0,189,43,5,216,0,4,0,36
8C72-0000-0312-A72A,500,81,27,301,6090,0,0,0,0,0,1,0,0,94,0,2,0,0,0,57,0,0,0,0,0,0,0,1,2,0,0
8CC2-0000-032A-2336,10,42,27,131,2844,2,1,1,0,3,1,0,0,14,15,0,0,2,3,1,1,0,0,3,0,11,12,0,2,0,0
8C3F-0000-034A-B444,500,240,27,1946,13362,0,0,0,0,0,0,0,0,0,0,0,0,0,0,16,0,0,0,3,0,290,0,1,38,0,77
8D41-0000-0315-1146,300,120,27,928,12200,9,3,0,0,0,0,0,0,15,0,6,0,1,0,23,1,0,0,6,0,1,0,0,113,0,0
8E32-0000-0310-3898,500,240,27,4000,43697,6,1,6,1,6,1,0,0,46,6,3,1,6,1,60,0,0,0,6,1,24,44,185,46,2,92
8CED-0000-034E-B718,500,240,27,1911,55778,0,0,0,0,0,0,0,0,71,13,0,0,0,0,0,0,0,0,0,0,2,0,17,5,0,1
8EA6-0000-032D-7669,500,240,27,2954,114811,6,0,0,0,4,0,0,0,34,44,0,0,4,1,48,0,0,0,0,1,8,63,236,19,4,98
8E45-0000-036A-DA45,500,60,27,838,11833,2,0,0,0,0,0,0,0,0,0,0,0,0,0,0,0,0,0,1,3,4,2,17,14,0,29
8F3A-0000-030E-FBD5,200,91,27,659,38296,5,0,2,0,3,0,0,0,0,2,2,0,0,0,2,1,0,0,3,0,1,0,2,6,0,5
8ED2-0000-031C-F9B3,500,240,27,3335,210682,3,1,0,0,1,0,0,0,272,11,7,2,6,3,1,0,0,0,8,3,9,12,35,34,7,247
8FCB-0000-034E-FF07,500,73,27,563,7845,0,0,0,0,34,0,0,0,0,0,0,0,0,0,63,0,0,0,0,0,0,0,50,0,0,2
9049-0000-030D-C6DB,10,62,27,740,186889,0,0,0,0,0,0,0,0,16,0,0,0,0,0,0,0,0,0,15,0,0,0,2,0,0,5
9093-0000-0382-85B9,500,240,27,1999,48244,7,0,0,0,0,0,0,0,61,0,19,0,0,0,0,0,0,0,42,4,7,49,25,4,0,1
8FA4-0000-0381-5CFA,500,240,27,3088,209876,4,7,1,0,8,4,0,0,56,16,19,2,3,0,27,0,2,0,2,0,24,23,88,141,17,84
9112-0000-0308-BA7A,20,240,27,3029,19414,4,1,0,0,5,0,0,0,765,30,1,0,0,0,9,0,0,0,13,0,53,76,47,19,12,371
91D9-0000-032B-6CCC,60,168,27,1705,37919,0,0,3,0,0,0,1,0,960,51,0,0,11,0,28,0,0,0,0,3,40,80,19,13,0,17
91F5-0000-033A-FAF9,500,240,27,3405,209666,5,0,0,0,0,0,0,0,85,35,0,3,12,1,24,0,0,0,4,0,18,11,121,15,3,101
91FA-0000-030A-7CA4,500,240,27,3577,72948,0,0,0,0,9,0,0,0,9,11,0,0,0,0,80,0,0,0,133,1,418,122,35,66,3,1570
9110-0000-0321-39FF,500,137,27,494,17264,6,1,1,0,6,0,0,0,41,1,2,0,0,0,0,0,0,0,1,1,2,5,5,1,1,5
9274-0000-0353-A896,500,240,27,3250,137670,1,3,0,2,0,0,0,0,184,17,0,0,0,0,73,0,0,2,6,0,90,5,25,18,0,5
9426-0000-031F-33DC,500,240,27,1476,52705,14,0,0,0,0,0,0,0,4,0,0,0,0,0,0,0,0,0,1,0,10,0,0,8,0,70
938A-0000-0336-39F6,300,240,27,2493,20666,0,0,0,0,0,0,0,0,2,0,48,0,92,47,0,2,0,0,4,3,408,308,74,21,0,332
942D-0000-0320-6814,60,240,27,2140,39810,0,0,0,0,0,0,0,0,18,0,0,0,0,0,0,1,0,0,29,0,0,1,0,4,1,427
946B-0000-033C-F54B,140,145,27,356,25236,1,0,0,0,0,0,0,0,64,2,1,0,0,0,0,0,0,0,0,0,5,0,5,2,14,3
9449-0000-0354-DD60,500,180,27,2902,42974,24,0,0,0,22,0,0,0,70,4,0,0,0,0,0,0,0,0,70,0,3,156,23,8,42,0
951D-0000-031E-10E7,10,81,27,991,7189,0,0,0,0,0,0,0,0,0,1,0,0,0,0,0,0,0,0,16,0,26,0,22,2,1,13
953D-0000-037A-33C0,70,238,27,1288,52118,3,4,0,0,0,0,0,0,298,78,3,0,0,0,54,0,0,0,0,0,126,10,83,6,1,105
9576-0000-030A-293B,500,189,27,849,15643,0,0,0,0,0,0,1,0,344,0,0,0,1,0,2,0,0,0,0,0,0,1,1,0,0,0
95BE-0000-0386-F68B,10,69,27,1933,9739,0,0,0,0,0,0,0,0,17,4,0,0,29,6,0,0,0,0,0,0,0,0,0,2,10,0
94AE-0000-0366-1910,30,239,27,957,23875,16,0,0,0,0,0,0,0,106,22,0,0,0,19,0,0,0,0,6,0,0,99,0,4,0,503
9767-0000-0329-7ACE,500,240,27,2451,150643,8,1,0,0,0,0,0,0,211,24,0,4,11,0,19,0,0,0,3,2,34,6,50,34,14,53
961B-0000-0349-B85D,400,240,27,3184,131840,2,12,3,7,0,0,0,0,29,5,24,16,64,0,7,0,0,0,18,2,50,24,31,13,2,111
9792-0000-0321-3B75,200,156,27,379,17875,9,4,1,0,2,0,1,0,9,2,0,1,5,3,41,0,0,0,1,2,4,3,59,132,0,17
9771-0000-0349-6DE7,30,240,27,454,23469,0,0,0,0,0,0,0,0,9,18,0,22,0,41,0,0,0,0,1,0,0,44,0,0,0,131
9908-0000-0325-7098,500,176,27,2978,102206,7,0,0,0,1,2,0,0,9,18,0,0,0,0,5,0,0,0,19,1,9,7,53,14,1,2
9989-0000-0308-F7B7,100,236,27,3800,46802,21,1,0,0,0,0,0,0,43,0,14,0,0,0,1,0,0,0,1,0,27,10,2,16,26,76
9A10-0000-0347-8970,320,240,27,1660,72126,5,0,4,1,1,0,0,0,4,0,0,0,0,3,0,0,0,0,3,1,126,4,13,27,0,59
9887-0000-0331-F3CB,200,43,27,2227,36250,6,1,0,0,0,0,0,0,38,0,4,1,24,0,4,4,0,2,6,0,11,0,17,9,0,159
9A62-0000-0323-4708,500,240,27,3632,127430,13,2,0,0,0,0,0,0,65,9,9,0,2,1,44,0,0,0,5,0,24,24,93,14,9,92
9BA0-0000-0310-798B,20,234,27,843,17215,0,0,0,0,0,0,0,0,0,0,0,0,19,0,1,0,0,0,14,1,0,0,113,2,0,218
9B9F-0000-032C-143C,30,84,27,2062,22549,0,13,0,5,3,0,0,0,7,23,0,12,0,6,0,8,0,0,25,0,174,47,0,4,28,0
9BFB-0000-0356-FD8A,20,88,27,556,18292,2,0,0,0,0,0,0,0,7,0,0,0,0,0,1,0,0,0,5,0,4,6,1,2,0,0
9BDE-0000-0316-68AB,70,85,27,1173,44850,14,25,0,0,0,0,0,0,37,0,0,14,0,0,0,0,0,0,3,0,0,0,0,7,4,87
9C25-0000-033E-98ED,500,240,27,1909,26915,81,4,0,15,0,0,0,0,0,0,0,0,0,0,0,0,0,0,63,0,0,0,1,0,0,0
9CB1-0000-0368-D259,140,72,27,3189,111983,7,0,12,0,0,0,0,0,945,100,0,0,0,0,0,0,0,0,77,0,0,0,2,4,0,854
9DA9-0000-0365-62DD,20,84,27,1203,12480,0,0,0,0,0,0,0,0,0,0,21,62,0,0,1,0,0,0,0,0,0,0,0,5,0,157
9DC6-0000-0329-6A6E,30,84,27,464,22451,0,0,0,0,0,0,0,0,194,29,1,0,0,0,1,0,0,0,0,0,0,0,4,6,5,0
9C75-0000-0362-33D2,500,240,27,4342,196509,0,0,0,0,7,0,1,0,13,2,3,2,1,0,7,0,0,0,8,5,21,49,33,94,22,17
9DD7-0000-0314-37E7,200,143,27,623,42516,0,0,0,0,0,0,0,0,171,0,0,0,1,9,1,0,0,0,0,0,1,0,1,2,1,36
9E39-0000-0300-BE41,500,240,27,2249,145988,20,1,0,3,8,1,0,0,174,2,20,2,0,56,27,1,0,0,18,4,20,30,95,34,5,117
9E52-0000-0322-AD3D,40,224,27,1800,28660,15,1,1,0,1,0,0,0,212,39,8,0,58,0,2,0,0,0,50,0,44,55,27,12,3,158
9ECA-0000-0365-555D,300,240,27,1387,31345,0,0,0,0,0,0,0,0,147,5,0,0,0,0,0,0,0,0,7,0,8,0,126,2,4,42
9DF1-0000-0303-90D9,500,218,27,1711,49584,23,0,4,1,0,0,0,0,58,1,0,0,4,4,1,0,0,0,0,0,5,1,20,7,2,11
9F24-0000-032A-DB59,20,239,27,1414,19969,7,0,1,0,2,0,0,0,1277,23,1,0,0,0,9,0,0,0,0,0,0,3,0,0,0,0
9F2A-0000-035B-E7FC,500,240,27,3108,9895,8,1,14,0,6,0,0,0,74,6,7,0,3,0,19,0,0,0,5,1,18,19,137,30,4,85
9ECC-0000-0352-5E00,500,39,27,1214,413316,7,0,0,0,0,0,0,0,27,11,2,0,4,0,2,0,0,0,2,2,1,15,12,28,11,4
9F60-0000-033C-395A,500,57,27,2027,88186,0,0,0,0,0,0,0,0,470,46,0,0,2,14,20,0,0,0,2,0,406,5,18,4,0,22
9F4C-0000-0326-FEFA,80,46,27,1132,47400,0,0,0,0,0,0,0,0,5,1,0,0,0,0,0,0,0,0,4,2,3,2,19,26,2,6
A037-0000-035A-9DDC,200,147,27,1774,66966,0,0,0,0,0,0,0,0,66,6,0,0,2,0,0,0,0,0,1,0,37,0,69,30,1,127
A08F-0000-0327-32F2,500,240,27,3802,204150,3,0,0,0,0,0,0,0,82,12,0,0,46,0,25,0,0,0,2,4,19,7,201,21,3,98
A0C5-0000-0378-F254,50,124,27,2957,36716,9,0,14,72,0,0,0,0,50,4,0,0,0,0,2,0,0,0,4,0,17,21,44,11,4,291
A0A4-0000-0368-3737,70,240,27,2658,46628,0,0,0,0,0,0,0,0,1,0,0,0,0,0,5,0,0,0,2,0,17,30,17,14,3,60
A0E7-0000-035B-80DF,500,208,27,3520,78405,85,0,0,0,0,0,0,0,657,7,5,0,1,0,50,0,0,0,119,1,1,157,8,4,0,2
A0CB-0000-0334-93A1,300,84,27,3117,88595,0,0,0,0,2,0,0,0,1,2,1,0,11,3,0,0,0,0,1,1,9,1,4,30,5,41
A24B-0000-0388-A549,70,181,27,4086,58873,4,6,20,0,0,0,0,0,120,19,0,1,0,1,0,0,0,0,1,0,646,226,22,116,10,228
A326-0000-0316-5928,70,164,27,3529,61213,7,0,0,0,0,0,0,0,41,2,0,0,0,0,4,0,0,0,2,1,4,55,16,8,8,243
A370-0000-0320-1C32,40,84,27,2142,37997,14,0,0,0,0,0,0,0,162,8,18,0,0,0,0,0,0,0,0,0,5,25,0,4,0,0
A20B-0000-0330-3430,500,240,27,2868,40989,5,7,1,0,0,0,0,0,98,9,0,0,0,0,5,3,1,2,131,0,49,0,280,43,16,194
A430-0000-035E-A622,500,240,27,3344,138326,9,0,0,0,8,2,0,0,173,29,4,0,5,0,8,0,0,0,5,0,5,54,62,46,12,74
A47B-0000-035E-1FEB,500,233,27,2161,26623,0,0,0,0,20,0,0,0,57,0,0,0,0,0,0,0,0,0,78,0,3,111,0,0,0,0
A37E-0000-0356-2A37,20,153,27,1139,14118,24,5,0,0,0,0,0,0,40,5,2,2,0,0,0,0,0,0,0,0,72,9,0,0,0,38
A55A-0000-0317-25C0,200,24,27,360,31527,0,0,0,0,0,0,0,0,10,0,1,0,0,0,0,0,0,0,1,0,39,4,12,2,0,2
A6E8-0000-035D-15D4,500,240,27,4612,112533,13,0,10,0,3,0,0,0,76,11,17,0,28,0,3,0,0,0,1,3,59,3,99,13,2,0
A750-0000-032D-6933,500,240,27,2130,63962,4,19,1,1,0,0,0,0,128,5,0,0,0,0,0,0,0,0,0,0,6,1,0,4,9,20
A4C0-0000-036D-964B,20,105,27,382,8146,57,0,0,0,0,0,0,0,74,0,0,0,0,39,4,3,0,0,1,0,0,0,68,6,0,0
A787-0000-0329-0882,500,240,27,4576,95635,48,8,0,0,0,0,0,0,51,3,3,3,5,4,12,0,0,0,9,1,56,1,174,47,0,264
A7B0-0000-0321-82D4,500,240,27,434,71514,0,0,0,0,1,1,4,4,40,14,0,0,5,3,10,1,1,1,1,0,3,1,5,7,0,4
A764-0000-0317-E3FE,300,70,27,1422,98160,0,0,0,0,0,0,0,0,86,0,0,0,84,6,49,2,0,0,5,2,0,0,1,22,0,70
A79E-0000-032C-A7F4,420,240,27,2792,158484,7,0,6,0,0,0,0,0,88,11,4,1,7,0,10,0,0,0,4,0,12,0,34,23,0,98
A885-0000-031A-16F6,30,128,27,2395,26391,0,0,0,0,0,0,0,0,260,10,0,2,0,0,8,0,0,0,1,1,299,28,81,11,6,20
A991-0000-0336-3A14,50,240,27,2127,21230,26,0,0,0,0,0,0,0,75,0,3,0,0,0,0,0,0,0,95,0,7,1,4,5,1,0
A889-0000-036C-2DA3,400,102,27,2644,74578,21,0,0,1,0,0,0,0,14,2,4,1,5,0,16,0,0,0,36,0,51,181,19,23,11,20
AB39-0000-035A-045F,20,240,27,2271,41875,11,0,2,0,2,0,0,0,53,10,2,1,0,0,0,0,0,0,3,0,19,13,54,0,7,55
ABCF-0000-0354-483D,10,31,27,303,5067,0,0,0,0,0,0,0,0,107,11,0,0,11,0,0,0,0,0,4,0,0,0,6,0,0,98
AB5E-0000-0363-637D,500,152,27,4412,15775,32,0,0,0,117,0,0,0,310,0,0,0,0,0,3,0,0,0,189,43,6,216,0,4,0,36
AE2D-0000-0397-C34D,500,216,27,2872,205415,38,2,2,0,0,0,0,0,42,1,2,0,0,0,2,0,0,0,31,0,56,0,32,37,3,22
AD94-0000-032C-3217,200,24,27,2318,28766,0,0,0,0,0,1,0,0,9,0,0,0,0,0,0,2,0,0,4,0,235,0,61,21,1,17
AE9F-0000-0341-80AA,40,223,27,4309,39416,36,0,0,0,0,0,0,0,199,69,0,0,5,8,0,0,0,0,0,0,179,8,36,16,0,4
AE81-0000-0323-45E8,250,168,27,2064,13330,1,1,0,0,0,0,0,0,90,0,0,0,0,0,0,0,0,0,8,6,1,0,16,2,0,39
AEC4-0000-0387-DC1E,500,192,27,1884,16793,0,0,0,0,41,0,0,0,12,0,30,0,3,16,8,0,0,0,80,0,143,198,30,8,3,23
AF0D-0000-0368-23A1,70,240,27,2696,49444,0,0,0,0,0,0,0,0,1,0,0,0,0,0,5,0,0,0,2,0,17,30,17,14,3,60
AF11-0000-036D-65A5,400,68,27,2057,56199,0,2,0,0,0,0,0,0,19,31,0,0,3,0,44,0,0,1,18,0,5,9,44,16,0,66
AF2C-0000-036D-052B,500,240,27,3433,85811,13,0,0,0,1,4,0,0,15,5,8,1,2,0,45,0,0,0,22,13,173,112,18,26,2,14
AF37-0000-0300-D88E,80,240,27,2411,47812,0,0,0,0,0,0,0,0,0,0,0,0,0,0,0,0,0,0,1,0,23,6,22,8,0,0
AFF1-0000-0369-401C,100,84,27,1288,66871,31,0,0,0,0,0,0,0,85,0,3,0,13,0,0,0,0,0,0,0,0,1,59,1,0,300
B000-0000-030E-37B0,500,240,27,4143,119590,2,1,0,0,4,1,0,0,39,6,4,0,4,10,9,0,0,0,20,14,40,19,31,150,44,20
B0FD-0000-031D-9C8C,500,210,27,1573,82383,0,0,0,0,0,0,0,0,60,11,0,0,0,0,1,0,0,0,0,0,6,16,30,6,8,17
AEE4-0000-035E-C1E4,500,240,27,3716,192600,3,0,1,0,0,0,0,0,8,2,2,0,13,2,11,1,0,0,2,0,8,83,50,10,83,0
B0E8-0000-0384-CBEC,40,216,27,2207,36683,0,0,0,0,0,0,0,0,4,0,0,0,0,0,0,9,0,0,1,0,686,65,292,15,0,0
58D8-0000-035B-0734,300,135,27,1945,101783,10,2,2,0,0,0,0,0,75,2,0,0,11,1,0,0,0,0,9,0,3,567,87,12,1,69
B198-0000-0318-F583,50,240,27,1874,38630,10,0,0,0,1,0,0,0,24,11,2,0,0,0,24,0,0,0,11,0,0,45,2,6,3,234
B180-0000-030C-7467,70,240,27,3426,62125,0,0,1,2,0,0,0,0,56,18,0,0,0,3,0,0,0,0,0,0,112,2,25,7,1,51
B182-0000-0322-439D,500,240,27,2270,27083,17,0,8,2,0,0,2,0,17,1,0,0,0,1,1,0,0,3,0,1,399,8,111,7,0,5
B20A-0000-0305-DEC4,500,120,27,3673,29316,0,0,0,0,0,0,0,0,220,50,0,0,0,0,25,0,0,0,59,11,0,36,28,61,9,17
B217-0000-032F-24D1,500,240,27,3924,54211,16,2,2,6,3,1,0,0,201,44,1,1,9,25,7,4,0,0,4,1,6,33,47,43,2,10
B313-0000-0326-9D03,350,180,27,3639,61536,7,3,7,1,0,0,0,0,40,0,0,0,0,0,3,0,0,0,7,0,8,2,18,15,0,85
B318-0000-032A-20CC,500,132,27,1730,30769,0,0,0,0,0,0,0,0,1381,0,11,0,0,0,0,0,0,0,2,0,3,12,0,7,0,148
B2E7-0000-037E-85F0,500,96,27,518,7743,0,0,0,0,0,0,0,0,0,0,0,0,9,0,0,0,0,0,0,0,3,0,9,2,0,1
B3ED-0000-0303-9291,400,240,27,3116,67210,28,1,0,1,7,0,0,0,37,3,9,4,7,0,0,0,0,0,10,1,16,1,2,10,3,38
B4B4-0000-0308-F63A,300,217,27,2016,33058,3,0,5,0,2,0,0,0,30,5,3,0,29,3,5,1,0,0,3,0,55,0,25,3,4,145
B381-0000-034D-2C7B,100,240,27,378,55455,0,0,0,0,0,0,0,0,0,1,38,0,74,0,0,0,0,0,0,0,4,0,26,5,0,0
B4D7-0000-035B-9B47,500,132,27,2040,8596,0,0,0,0,0,0,11,0,0,0,0,0,0,0,6,0,0,0,6,11,1999,0,0,0,0,1
B4F2-0000-032F-DDC8,10,24,27,610,2123,0,0,0,0,0,0,0,0,250,0,0,0,0,0,0,0,0,0,0,0,72,0,0,0,0,24
B4E6-0000-0329-C230,300,240,27,1340,20502,4,0,2,0,0,0,0,0,3,0,0,0,0,0,1,0,0,0,0,0,9,0,1,8,0,57
B506-0000-030C-7C13,140,240,27,2586,29083,38,0,6,0,2,0,2,0,21,0,0,0,0,0,3,0,0,0,3,2,12,0,12,21,2,30
B550-0000-031B-14D9,30,148,27,1381,28800,0,0,0,0,2,1,0,0,718,9,0,0,0,0,2,0,0,0,0,0,1,30,15,0,0,305
B501-0000-0342-E107,500,116,27,1289,17210,1,0,0,0,0,0,0,0,21,0,0,0,0,0,0,0,0,0,0,0,271,0,0,2,0,0
B5FC-0000-030D-5253,500,240,27,2651,64684,31,0,0,0,0,0,0,0,33,0,2,0,60,3,0,0,0,0,0,0,16,0,30,8,0,301
B687-0000-0362-1A0F,500,240,27,1812,21175,10,0,0,0,0,0,0,0,40,2,4,0,16,0,0,0,0,0,31,0,12,345,106,24,8,60
B6B4-0000-0342-14E9,500,240,27,3187,47620,10,0,4,0,5,1,0,0,10,0,7,0,0,0,6,0,0,1,0,0,24,0,6,15,2,39
B622-0000-0310-3A45,500,176,27,2220,44751,43,0,0,0,0,0,0,0,1682,11,1,0,0,0,5,0,0,0,7,0,7,45,106,4,6,37
B6F2-0000-0323-101F,500,142,27,2169,24084,0,0,9,0,0,0,0,0,3,0,0,0,5,0,10,0,0,0,1,0,39,0,53,37,0,142
B709-0000-0300-DDF3,50,240,27,2439,47261,0,0,0,0,0,0,0,0,0,0,0,0,0,0,0,0,0,0,1,0,19,8,17,8,21,75
B7D1-0000-034E-61F3,500,231,27,4498,141275,27,1,3,0,0,0,0,0,188,0,0,0,43,5,7,0,0,0,6,6,11,0,171,23,0,14
B78B-0000-036C-F3CE,40,197,27,787,19639,9,4,0,1,2,0,0,0,186,7,0,3,0,12,38,15,0,0,0,3,16,14,9,12,0,0
B8A7-0000-0328-5258,50,240,27,758,32294,0,3,0,0,0,0,0,0,158,61,0,0,0,0,0,0,0,0,1,0,0,0,25,4,3,350
B8E1-0000-0363-C08C,500,240,27,3640,14990,0,0,0,0,1,0,0,0,1,0,0,0,0,0,0,0,0,0,10,0,548,21,5,55,0,0
B887-0000-0330-921C,500,240,27,1646,51867,5,0,0,0,2,0,0,0,76,3,0,0,0,0,0,0,0,0,0,0,11,5,2,4,7,1
B952-0000-0324-4693,220,73,27,716,67633,9,5,0,0,0,0,0,0,52,2,0,0,0,0,5,1,0,0,2,0,18,0,1,14,1,5
B978-0000-0322-B9B1,420,158,27,380,26945,6,1,0,0,1,0,1,0,96,1,1,0,0,0,0,0,0,0,0,1,3,1,9,0,0,12
BA36-0000-030A-44CF,100,240,27,2266,82586,6,0,0,0,0,0,0,0,1453,89,0,0,18,0,9,0,0,0,64,3,11,369,26,4,3,0
B8F3-0000-0331-2BE5,450,240,27,3889,161068,17,0,0,0,0,1,0,0,19,6,10,7,3,2,63,1,0,0,63,2,86,355,56,29,4,134
BB01-0000-0361-084F,100,240,27,4110,38406,17,0,0,0,0,0,0,0,567,4,0,0,14,68,7,0,0,0,8,0,219,33,120,10,6,244
BB67-0000-035F-2D5C,30,131,27,705,26091,18,0,0,0,4,0,0,0,0,0,0,0,14,0,42,0,0,0,30,0,0,0,0,0,0,21
BB90-0000-0338-2B33,70,240,27,2764,57947,0,23,0,0,0,6,0,0,769,4,0,13,0,0,3,1,0,0,11,7,59,87,10,9,0,400
BB19-0000-0326-157D,10,67,27,402,5288,14,0,0,0,0,0,0,0,110,17,0,0,0,0,6,0,0,0,0,0,15,16,0,26,0,42
BBC7-0000-033C-A07A,500,240,27,1273,42990,14,0,0,0,10,0,0,0,33,0,9,1,4,1,2,0,0,0,13,1,2,5,33,12,0,173
BBAB-0000-035E-B641,500,204,27,2738,29265,6,0,4,0,0,0,0,0,102,0,0,0,24,2,0,0,0,0,3,1,4,41,8,17,2,0
BCFB-0000-035F-B4B3,300,240,27,2701,125049,10,0,0,0,2,0,8,0,44,0,0,0,0,0,29,0,0,0,88,1,13,2,5,18,4,24
BDB3-0000-033F-4C5D,100,240,27,2405,55094,4,0,3,1,0,0,0,0,115,33,1,1,1,6,1,2,0,0,100,0,3,25,95,0,3,90
BCD5-0000-0323-016A,20,157,27,980,12714,12,0,4,0,0,0,0,0,51,4,0,0,0,0,2,0,0,0,0,0,8,4,3,4,1,22
BE1E-0000-0305-E74F,500,117,27,382,48639,0,0,0,0,0,0,0,0,2,2,0,0,1,0,1,0,0,0,0,2,4,0,47,3,2,102
BEBB-0000-0325-6EB5,500,132,27,450,11690,0,0,0,0,0,0,0,0,0,0,0,0,0,0,0,0,0,0,62,0,148,4,0,0,0,0
BE67-0000-0366-1A48,500,147,27,642,26390,0,2,0,6,0,0,23,0,0,2,0,0,0,0,0,1,0,0,1,23,12,87,0,8,0,0
BF95-0000-030A-6B7D,300,240,27,3728,91276,1,0,3,0,0,0,0,0,197,0,24,0,8,0,10,0,0,1,1,0,408,118,15,48,4,7
BF24-0000-034C-98E6,20,192,27,1289,13002,0,0,0,0,0,0,0,0,384,38,16,0,15,0,1,2,0,0,82,1,255,61,16,24,4,21
C027-0000-0354-5074,500,240,27,2557,76615,1,0,0,0,0,0,0,0,14,89,0,0,1,0,0,0,0,0,5,0,8,235,32,10,0,87
BFDB-0000-0321-A3BC,70,240,27,325,54441,0,0,0,0,0,0,0,0,0,0,0,0,0,1,0,0,0,0,1,0,0,103,2,0,0,0
C079-0000-0352-4A33,500,240,27,4594,131389,10,0,27,1,0,0,0,0,322,0,15,0,0,4,2,1,0,0,3,3,9,0,222,13,1,6
BF6B-0000-0311-06F7,120,240,27,2519,49866,11,0,0,1,0,0,19,0,87,1,0,0,15,0,25,1,0,0,26,20,62,23,20,17,2,226
C15B-0000-0305-EAD8,10,84,27,425,6506,1,0,2,0,15,0,10,0,100,1,0,0,0,0,2,1,0,0,1,10,2,13,3,0,0,0
C14C-0000-033A-3FBF,30,240,27,1369,26540,0,6,0,0,0,0,0,0,76,15,0,3,0,0,26,3,0,0,1,0,0,96,3,0,2,219
C191-0000-0345-EA1D,500,240,27,1657,77224,43,0,5,0,0,0,0,0,16,0,0,0,0,0,6,0,0,0,0,0,14,0,3,15,0,46
C171-0000-0325-16A0,10,122,27,1301,9850,0,0,0,0,0,0,0,0,0,0,0,0,0,0,0,0,0,0,3,0,21,1,0,2,0,11
C365-0000-0300-3362,200,192,27,2114,68009,1,0,0,0,0,0,0,0,6,3,4,0,2,0,7,0,0,0,5,0,9,47,3,19,0,227
C3F6-0000-0351-6289,500,230,27,3633,139767,9,0,0,0,1,0,0,0,94,24,3,0,5,0,2,0,7,5,1,1,20,3,185,42,4,237
C56D-0000-0312-99CE,500,131,27,3065,23774,0,2,0,0,3,0,1,0,24,7,3,0,0,5,0,5,0,0,19,2,22,32,11,19,3,829
C618-0000-0312-2602,500,122,27,534,10017,0,0,0,0,1,0,0,0,8,0,3,0,1,0,0,0,0,0,11,0,0,1,10,0,0,0
C61B-0000-0357-3EB7,200,240,27,2391,54154,0,4,0,9,0,0,0,0,0,0,0,3,0,2,0,1,0,0,1,0,16,1,2,19,0,186
C676-0000-030B-BD1F,500,240,27,3452,66114,26,0,6,0,0,0,0,0,16,0,0,0,0,0,8,0,0,0,0,0,19,0,9,31,0,106
C532-0000-0320-17E6,500,240,27,2702,44280,12,2,3,0,5,1,0,0,126,22,4,2,0,4,2,2,0,2,47,0,54,17,70,8,2,34
C82A-0000-030E-622F,500,209,27,1431,65723,2,0,0,0,2,0,0,0,1,0,2,0,0,0,85,0,0,0,4,0,86,2,3,20,4,0
C906-0000-038C-3FCC,40,149,27,1725,27662,4,8,6,0,2,2,0,0,28,7,0,3,0,4,2,0,0,0,3,0,126,27,47,56,5,72
C703-0000-0330-56E8,10,144,27,1097,9483,11,0,0,0,1,0,0,0,30,2,7,6,0,2,13,0,0,0,100,22,20,153,20,18,0,40
C94A-0000-0356-6A11,500,168,27,685,14147,8,0,0,0,3,0,0,0,4,0,4,0,0,0,1,0,0,0,0,1,17,0,0,0,0,28
C989-0000-0361-C805,500,240,27,1170,13658,0,0,0,0,2,0,0,0,155,5,0,0,18,0,27,3,0,0,20,3,6,44,78,70,8,12
C99F-0000-032C-319D,60,240,27,3874,58692,5,0,19,0,0,0,0,0,114,22,0,0,19,0,19,0,0,0,2,0,4,30,51,41,3,517
C92E-0000-0321-4861,270,120,27,1015,115546,0,0,0,0,0,0,0,0,392,38,0,0,0,0,0,0,0,0,3,1,243,0,0,4,0,2
CA86-0000-0328-2B07,40,196,27,2091,19117,3,0,0,0,6,0,0,0,0,0,19,0,0,0,0,0,0,0,87,0,563,117,0,6,0,39
C802-0000-036C-F5CC,20,48,27,958,19383,10,1,0,0,0,0,0,0,20,4,2,0,0,0,0,0,0,0,1,0,2,23,28,2,13,25
CB8E-0000-0328-4AA6,500,164,27,1750,56000,1,0,0,0,0,0,0,0,14,0,4,0,0,0,32,0,0,0,38,0,30,104,51,2,9,0
CAA1-0000-0377-7D36,10,87,27,1237,74281,2,0,0,0,0,0,0,0,113,3,0,0,0,0,0,0,0,0,6,0,80,12,20,10,0,43
CBA0-0000-0302-B238,500,232,27,3986,143527,0,0,0,0,5,0,0,0,83,12,55,32,0,0,3,0,0,0,0,0,12,0,15,24,3,33
CBAB-0000-032F-1768,500,240,27,1958,14340,0,0,0,0,0,0,0,0,32,0,1,0,0,0,9,0,0,0,17,0,37,82,7,22,53,0
C9DB-0000-0331-0F8B,500,240,27,3158,15021,3,0,0,0,0,0,0,0,2,0,0,0,0,0,0,0,0,0,0,0,21,3,10,66,1,50
CBB1-0000-0353-7F11,500,240,27,748,6716,1,0,4,0,3,0,0,0,36,0,1,0,3,0,13,0,0,0,52,12,17,17,7,16,3,64
CBBC-0000-035F-0B60,200,240,27,599,36780,3,2,1,0,2,0,2,0,7,0,4,0,1,0,3,0,0,0,0,2,3,0,7,6,0,38
CBC0-0000-0359-4915,20,87,27,571,18150,2,0,0,0,1,0,0,0,9,0,0,1,2,0,4,0,0,0,9,0,5,3,4,2,0,0
CC23-0000-02FF-99CF,90,24,27,1006,4916,0,0,0,0,0,1,0,0,3,0,0,0,0,0,0,0,0,0,2,0,1,0,18,4,0,0
CC47-0000-0319-ACF1,500,240,27,3639,31705,13,1,2,0,3,0,0,0,0,2,1,0,12,2,3,1,0,0,4,1,54,3,2,17,1,280
CBB0-0000-0329-CA7C,500,240,27,2665,90365,16,11,2,1,0,0,0,0,114,21,0,0,5,1,10,0,1,0,3,0,5,6,5,37,2,28
CC7E-0000-030D-4EB6,500,240,27,1754,39341,0,0,0,0,0,0,0,0,456,151,0,0,0,0,4,0,0,0,2,0,33,6,44,6,0,52
CCF0-0000-0378-A1B0,500,237,27,945,93708,10,0,2,0,1,0,0,0,41,0,0,0,1,0,0,0,0,0,1,0,12,2,7,4,4,44
CCDA-0000-0351-2DCD,500,240,27,2029,45158,33,0,0,0,3,1,0,0,140,14,0,0,0,0,0,0,0,0,10,0,27,3,5,116,0,50
CD90-0000-0305-12CE,500,240,27,4257,157035,8,2,11,2,11,3,0,0,60,16,5,0,5,2,46,3,0,0,8,7,6,0,21,24,1,191
CCFD-0000-033C-F924,500,144,27,591,11372,19,0,0,0,4,0,0,0,10,1,0,0,10,1,1,0,0,0,12,1,0,75,12,10,0,222
CE56-0000-031F-8268,500,240,27,4143,73015,10,4,13,1,1,0,0,0,90,0,0,0,4,4,2,0,0,0,1,0,13,134,47,10,0,0
CF75-0000-0312-7418,500,228,27,3772,53883,0,0,0,0,87,0,0,0,1,0,0,0,0,0,4,0,0,0,92,0,5,252,7,8,1,9
CFC4-0000-0355-4F8D,10,56,27,813,9583,0,0,0,0,0,0,0,0,17,11,0,0,1,0,0,0,0,0,3,0,18,6,12,2,4,27
CFFF-0000-032D-5400,500,120,27,1804,9366,0,0,0,0,0,0,0,0,44,21,0,0,0,0,0,0,0,0,100,0,457,10,0,14,13,12
D1C2-0000-0366-CB1F,100,240,27,4260,39364,37,0,0,0,0,0,0,0,187,7,2,0,2,0,7,1,0,0,106,0,174,210,82,22,0,228
CFD6-0000-038E-13C7,200,240,27,827,34308,9,3,3,0,1,0,2,0,29,4,9,0,0,0,4,1,0,0,0,2,4,0,1,6,0,9
D1F4-0000-0367-9239,200,240,27,3083,106235,0,0,0,0,13,2,2,0,0,7,0,0,0,0,19,0,0,0,1,0,28,7,12,54,1,35
D1F9-0000-0323-F17F,10,84,27,1422,6503,9,0,0,0,0,0,0,0,49,0,0,0,0,0,0,0,0,0,3,0,20,8,2,0,1,1
D328-0000-0315-4EB2,500,215,27,2289,36666,1,1,20,0,6,0,0,0,434,8,8,0,0,0,11,0,0,0,3,0,310,100,136,18,3,227
D297-0000-032C-3E3A,170,154,27,1050,26904,18,7,6,14,0,0,0,0,0,0,0,0,0,0,0,0,0,0,2,0,9,26,50,46,0,34
D30D-0000-030A-29A5,10,84,27,113,8008,0,0,0,0,0,0,0,0,37,0,0,0,0,0,0,0,0,0,0,0,0,0,0,0,0,0
D39F-0000-035E-161B,200,240,27,827,129754,4,0,1,0,3,0,0,0,17,0,1,0,11,0,0,0,0,0,1,0,11,3,20,2,0,43
D3AB-0000-0374-5550,150,240,27,3854,87485,46,0,0,0,37,0,0,0,284,0,50,0,0,0,0,0,0,0,52,0,607,590,28,4,0,0
D3ED-0000-034D-EB6A,500,240,27,1961,48356,10,1,1,0,0,0,0,0,38,0,24,4,1,0,7,1,0,0,1,0,11,0,13,6,0,116
D538-0000-0383-1AD3,20,108,27,724,13674,23,0,0,0,0,0,0,0,5,12,5,0,0,0,0,0,0,0,2,0,265,6,14,4,5,49
D53E-0000-034E-060C,60,84,27,2017,46420,0,0,0,0,0,0,0,0,435,2,0,0,0,0,2,0,0,0,0,0,24,6,24,6,0,0
D55D-0000-0321-3B6C,500,204,27,1460,134543,8,0,2,0,2,1,0,0,14,0,0,0,3,0,1,0,0,0,4,0,4,5,20,11,0,20
D5D2-0000-034F-C8B8,10,125,27,1322,74308,4,0,0,0,0,0,0,0,114,15,0,0,0,0,0,0,0,0,6,1,29,5,19,2,3,159
D64D-0000-0361-D1E2,500,133,27,4175,55299,88,0,0,0,3,0,0,0,204,1,4,0,0,0,0,0,0,0,142,0,2,295,26,4,0,0
D45E-0000-0348-A141,500,240,27,3350,63065,17,0,5,0,1,0,1,0,6,0,0,0,0,0,2,0,0,0,17,9,13,0,222,14,1,37
D6FF-0000-037E-47A7,100,106,27,315,22071,100,0,0,0,0,0,0,0,105,0,0,0,0,0,0,0,0,0,3,0,1,0,0,0,0,0
D73A-0000-0361-90C3,500,240,27,4297,340193,20,3,7,4,11,2,1,0,376,8,12,3,13,3,15,0,0,2,11,7,25,186,93,41,4,317
D778-0000-0309-EC81,500,57,27,1296,107616,5,0,2,1,0,0,0,0,15,3,1,0,6,0,10,0,0,0,8,0,0,2,31,10,4,39
D6D4-0000-0364-9217,500,33,27,278,3397,0,0,0,0,0,0,0,0,43,30,0,0,0,5,0,0,0,0,0,0,0,0,0,0,1,0
D849-0000-0323-4B24,500,240,27,1223,24383,0,0,0,0,37,0,0,0,7,3,0,0,23,7,5,0,0,0,0,1,1,48,7,0,14,138
D84E-0000-0337-2318,10,88,27,1327,8746,0,0,1,0,0,0,0,0,11,3,0,0,6,0,0,0,0,0,3,0,0,0,3,0,2,0
D8F4-0000-0354-FE90,30,234,27,212,26810,4,0,0,0,0,1,0,0,27,0,2,4,0,0,0,0,0,0,11,2,38,14,2,0,0,42
D967-0000-0339-1AB9,500,131,27,2715,56833,53,0,0,0,0,0,0,0,19,0,0,0,0,0,26,0,0,0,94,0,16,188,13,30,5,14
D7EA-0000-0320-D67B,40,192,27,2126,21787,19,0,4,0,4,0,0,0,241,1,9,0,3,0,2,0,0,0,6,0,1,12,1,21,1,0
D9F3-0000-0320-69D4,210,136,27,3629,29477,1,0,0,0,0,0,0,0,137,0,5,0,0,0,0,0,0,0,5,0,0,26,76,17,1,13
D9BD-0000-034C-13FE,500,197,27,1216,42949,43,15,0,0,13,0,0,0,557,0,6,0,0,0,0,0,0,0,0,0,22,45,9,0,2,162
DA08-0000-033F-3114,110,181,27,1467,19984,1,0,0,0,0,0,0,0,184,16,6,0,0,0,32,0,0,0,2,0,58,133,116,4,16,192
DA0D-0000-0328-3F5C,100,84,27,1165,10526,0,2,0,0,0,0,0,0,20,12,0,0,4,0,0,0,0,0,1,0,61,4,34,44,0,54
DA4A-0000-0386-176F,60,226,27,3663,48730,12,3,0,3,7,0,0,0,157,9,0,0,1,2,47,0,0,0,11,0,18,26,33,25,5,6
D9FD-0000-034A-752F,220,240,27,2101,51958,1,0,0,0,1,0,0,0,32,0,0,0,5,0,0,0,0,0,4,0,7,24,8,29,8,25
DA80-0000-032D-0C35,500,240,27,364,62031,0,0,0,0,0,0,0,0,120,17,0,0,0,40,10,0,0,0,0,0,0,53,19,0,1,0
DB82-0000-0360-7CA0,30,66,27,1458,28472,24,0,0,0,0,0,0,0,38,0,0,0,0,0,0,0,0,0,1,0,54,32,11,12,2,5
DB4D-0000-034D-EC84,500,152,27,4365,44341,32,0,0,0,117,0,0,0,183,0,0,0,0,0,3,0,0,0,189,43,0,216,0,4,0,36
DCE5-0000-0358-171B,20,240,27,1046,19695,0,0,0,0,0,0,0,0,13,4,6,0,25,0,0,0,0,0,3,0,5,0,3,0,0,10
DCCE-0000-0346-78AE,80,84,27,1573,16407,0,0,0,0,0,0,0,0,23,3,1,0,0,0,0,0,0,0,0,0,136,17,51,2,1,41
DD34-0000-034C-6104,500,132,27,1846,18433,3,0,0,0,1,1,2,0,8,15,0,0,0,0,0,0,0,0,1,0,16,0,0,0,0,33
DD6E-0000-0366-6908,500,180,27,2847,30485,13,0,0,0,10,0,0,0,40,4,30,0,11,10,0,0,0,0,32,2,9,61,146,44,0,140
DD7E-0000-0353-E91E,500,84,27,803,4712,14,0,1,0,4,0,0,0,14,0,2,0,7,0,13,0,0,0,7,4,10,10,7,6,5,145
DC1B-0000-032D-7793,170,120,27,586,7294,21,8,1,11,0,0,0,0,2,0,0,0,0,0,14,0,0,0,3,13,4,5,10,10,3,61
DE76-0000-0344-AE28,40,63,27,1141,19113,18,3,0,0,0,0,0,0,9,2,4,0,0,0,0,0,0,0,0,0,0,23,3,4,3,5
DED8-0000-02FF-9BBA,500,163,27,3384,52772,5,0,0,0,1,0,0,0,48,7,0,0,7,2,14,0,0,0,1,1,52,7,36,35,8,13
DEFA-0000-0383-D4DA,420,240,27,1996,52936,31,35,0,1,9,0,0,0,179,8,0,1,4,4,0,1,0,0,8,2,16,22,27,22,2,38
DF06-0000-030B-E480,500,240,27,1171,12615,17,0,0,0,31,0,0,0,0,0,0,0,1,0,0,0,0,0,75,2,86,97,3,6,16,186
DE4D-0000-035D-3AE1,500,240,27,4184,110588,1,0,0,0,3,0,0,0,158,6,0,23,0,14,11,0,0,0,0,0,8,28,54,10,2,63
E14F-0000-0356-B247,100,177,27,2617,35922,6,0,1,0,3,0,0,0,49,0,0,0,0,0,22,0,0,0,111,0,371,40,5,29,3,1
E0FA-0000-033F-87B6,70,124,27,4117,41743,1,1,0,0,1,2,0,0,861,0,0,0,0,0,0,0,0,0,6,0,1,37,9,7,6,6
E1EE-0000-034E-9063,400,238,27,3125,141857,4,0,1,0,0,2,0,0,11,5,1,0,2,2,6,0,0,0,5,1,63,54,46,156,2,171
E2E5-0000-0342-CB66,500,240,27,1091,15555,8,2,3,1,15,0,9,0,63,8,0,0,12,9,6,0,5,1,100,9,21,26,31,82,0,123
E477-0000-0301-E39F,500,84,27,735,12855,0,0,3,0,0,0,1,0,3,0,1,0,0,0,0,0,0,0,0,0,254,0,0,2,1,1
E2E6-0000-037F-BCE5,420,106,27,861,38537,0,0,0,0,1,0,0,0,14,2,0,0,19,0,0,0,0,0,0,0,2,3,14,19,0,29
E51D-0000-033E-6BB1,500,240,27,3382,120092,15,4,0,6,8,5,0,0,231,7,21,3,2,14,29,9,0,0,36,11,18,68,91,39,10,951
E5B3-0000-031A-1229,500,156,27,3459,47316,0,0,0,0,0,0,0,0,0,0,0,0,0,0,9,0,0,0,200,14,25,345,12,15,0,0
E6A6-0000-0319-6A80,40,84,27,928,38710,15,0,0,0,0,0,0,0,29,6,61,0,0,0,0,0,0,0,3,0,56,0,0,2,0,0
E213-0000-0336-F9D8,500,240,27,3819,98391,0,0,0,0,0,1,0,0,177,0,0,0,74,0,2,0,0,0,0,0,27,30,12,16,1,20
E77D-0000-034E-BB46,20,236,27,1197,3852,19,0,0,0,0,0,0,0,496,38,0,0,1,0,0,0,0,0,0,1,0,0,26,7,1,81
E78E-0000-0334-D7BE,50,240,27,1687,41748,15,0,0,0,0,53,0,0,215,9,4,0,0,0,12,1,0,0,0,1,0,20,6,6,0,255
E857-0000-036A-E488,500,154,27,2146,31685,0,0,0,0,0,0,0,0,0,0,0,0,0,0,0,0,0,0,18,0,0,10,0,11,0,125
E896-0000-0331-7C40,500,216,27,3015,57932,38,5,6,0,5,0,0,0,6,8,9,0,0,0,9,0,0,0,6,0,38,8,15,30,6,187
E8B7-0000-031C-4D24,30,128,27,2395,27169,0,0,0,0,0,0,0,0,260,10,0,2,0,0,8,0,0,0,1,1,299,28,81,11,6,20
E904-0000-035A-5F99,250,240,27,1222,21586,0,1,10,7,0,0,0,0,195,0,0,0,0,0,0,0,0,0,2,0,6,1,143,0,0,33
E773-0000-0322-CC02,500,84,27,3099,118297,0,0,0,0,0,1,0,0,12,2,0,0,1,0,9,0,0,0,40,0,2,8,36,33,2,32
E9CF-0000-0314-1A5A,500,160,27,2933,84383,3,1,0,0,0,0,0,0,40,1,1,0,6,4,7,0,0,0,9,58,3,3,12,19,4,0
E91E-0000-032B-712C,500,157,27,808,13162,3,3,1,0,0,0,1,0,780,0,2,1,0,0,0,0,0,0,0,1,0,4,2,0,0,0
E9DF-0000-036B-E63F,150,240,27,3959,49666,0,0,0,0,0,0,0,0,371,0,0,0,0,0,0,0,0,0,16,0,875,331,37,8,0,21
EB33-0000-036D-3633,500,240,27,2707,22762,5,0,35,0,0,0,0,0,6,0,10,0,5,0,2,0,0,0,21,1,22,10,1,12,8,162
EBDB-0000-0339-B026,300,144,27,3875,44775,4,1,0,0,1,0,0,0,38,7,46,0,20,0,38,0,1,0,1,0,133,13,2,13,0,97
EBDF-0000-035F-0112,500,240,27,3937,83068,12,0,0,0,4,0,0,0,268,34,0,0,5,1,0,0,0,0,1,0,31,15,10,21,0,0
EC41-0000-035F-A28D,500,84,27,1098,11956,4,0,0,0,0,0,0,0,83,0,0,0,0,1,0,0,0,0,52,0,0,16,6,0,0,19
ECC9-0000-0368-77EC,40,231,27,1296,37800,3,0,0,0,1,0,0,0,85,20,0,0,1,0,0,0,0,0,0,0,12,11,14,4,10,65
EEBB-0000-0323-D65C,50,233,27,3024,31922,40,0,0,0,1,0,0,0,2,1,0,0,0,0,0,0,0,0,4,0,39,48,46,4,0,241
EEE5-0000-0300-A649,300,151,27,2112,37146,87,0,0,0,2,0,0,0,9,0,0,0,0,0,2,0,0,0,5,0,62,0,0,11,2,137
F04B-0000-0313-18CA,300,91,27,3088,28418,2,1,0,0,0,0,0,0,742,2,0,1,0,0,0,2,0,0,0,3,3,1,35,6,0,120
EEFB-0000-0349-8A66,500,240,27,2030,21697,12,3,4,1,0,0,1,0,191,2,6,1,1,0,3,8,0,0,22,24,353,93,29,54,9,189
F063-0000-0368-BB3E,500,240,27,4124,27650,1,0,0,0,5,1,0,0,10,5,0,0,1,0,35,0,0,0,16,19,5,73,58,54,23,8
F105-0000-032F-0C74,100,240,27,879,26675,20,1,1,0,0,0,0,0,41,5,0,0,0,0,7,6,0,0,6,1,2,87,25,8,2,235
F116-0000-0329-A05F,320,109,27,2206,11485,10,1,2,0,0,0,0,0,0,1,0,0,0,0,0,0,0,0,0,0,9,0,39,6,0,96
F125-0000-0328-3C31,180,197,27,2194,98625,4,4,0,0,0,0,1,0,206,1,2,0,0,0,1,0,0,0,1,2,23,0,0,9,0,19
F17E-0000-036A-81EC,50,240,27,2895,40401,10,16,3,0,8,0,0,0,449,13,6,0,0,10,68,1,4,0,0,0,0,17,166,10,1,85
F249-0000-032C-5212,50,240,27,628,35915,0,0,0,10,0,0,5,0,131,3,0,0,0,10,8,0,0,0,1,10,5,0,0,56,0,0
C8B1-0000-038E-7B75,100,196,27,1024,22927,0,1,0,11,0,0,0,0,51,23,0,0,4,3,7,0,0,0,0,0,10,2,0,4,0,7
F353-0000-0345-0088,500,240,27,3892,47073,0,0,0,0,0,0,0,0,1401,38,0,0,0,35,4,0,0,0,117,0,19,25,9,4,1,0
F394-0000-0304-8A9F,70,240,27,2263,55125,14,0,0,0,7,0,0,0,191,12,6,0,8,0,3,0,0,0,49,0,3,15,0,6,3,152
F3D3-0000-0321-3C6E,40,228,27,2891,26163,5,7,0,0,0,0,0,0,69,7,25,22,0,0,2,0,0,0,48,1,0,215,0,4,0,0
F3EA-0000-0329-685C,20,84,27,543,7563,0,0,0,0,0,0,0,0,212,0,0,0,0,0,25,0,0,1,5,0,0,72,131,3,0,7
F3F0-0000-0308-B88C,500,169,27,4239,334007,1,0,0,0,0,5,0,0,196,18,2,0,0,0,1,2,0,0,12,3,92,171,141,8,9,11
F404-0000-02FF-9A0C,90,24,27,997,13383,0,0,0,0,0,0,0,0,3,0,0,0,0,0,2,0,0,0,2,0,211,0,19,6,1,17
F42E-0000-0307-5528,500,240,27,4200,8531,0,0,0,0,0,0,0,0,433,0,0,0,0,0,80,0,0,0,82,0,6,577,10,71,16,0
F457-0000-032D-16ED,500,240,27,2665,66115,14,2,1,0,0,0,0,0,92,23,11,3,4,1,9,0,0,0,8,0,2,0,7,34,4,29
F4B9-0000-034F-3B21,500,240,27,875,23333,6,0,8,0,0,0,0,0,58,5,0,0,9,1,0,0,0,0,6,2,1,9,2,2,0,0
F531-0000-0312-9BEF,500,240,27,3718,78166,8,10,0,32,3,3,0,0,144,30,7,6,3,2,3,2,0,0,0,1,499,27,19,34,9,19
F549-0000-032F-8579,60,178,27,1880,42710,4,0,6,0,0,0,0,0,485,0,2,0,0,9,9,0,0,0,46,1,106,97,191,7,0,463
F587-0000-0311-358C,500,240,27,1084,23219,3,0,3,2,0,0,0,0,3,0,10,4,0,0,6,0,0,0,8,0,2,0,34,24,1,12
F64B-0000-034D-EADF,50,110,27,2517,45675,7,0,0,0,0,0,0,0,97,2,0,0,0,0,7,0,0,0,2,0,0,33,10,8,15,23
F6F8-0000-034F-C385,500,240,27,3997,103500,17,0,7,0,2,0,0,0,43,5,9,1,6,1,28,0,0,0,3,0,21,29,86,58,1,71
F73C-0000-035C-B7A4,500,169,27,1798,48147,0,0,0,0,0,0,0,0,23,0,0,0,0,0,0,0,0,0,0,0,306,2,11,4,0,1
F74D-0000-0300-4F11,500,114,27,2457,58685,0,0,0,0,0,0,0,0,4,6,0,0,0,36,0,0,0,0,3,0,5,2,22,8,11,14
F758-0000-035A-AA74,500,184,27,3769,239482,15,0,8,0,0,0,0,0,117,2,5,0,1,0,12,1,0,0,5,12,7,0,110,220,5,100
F7F0-0000-035D-BA59,500,160,27,4496,27598,78,0,0,0,1,0,0,0,165,0,0,0,0,0,0,0,0,0,98,0,6,224,322,4,77,11
F827-0000-031E-C4E3,500,227,27,329,5993,0,0,0,0,0,0,0,0,31,0,22,0,0,0,0,0,0,0,0,0,0,1,0,17,0,225
F850-0000-037D-54D2,500,240,27,2344,26522,0,0,0,0,0,0,0,0,0,0,0,0,2,1,0,0,0,0,100,1,258,238,5,8,0,0
F943-0000-0328-41E5,500,120,27,4119,10580,24,0,4,0,0,0,0,0,0,4,0,0,0,0,0,0,0,0,0,0,102,3,8,26,0,0
FA1E-0000-0331-1D8E,20,165,27,1174,13863,0,0,0,0,0,0,0,0,37,6,0,0,0,9,48,0,0,0,0,2,0,282,9,0,0,382
FA2B-0000-0387-ADB4,500,240,27,2038,29583,0,0,0,0,0,0,0,0,153,4,0,0,2,0,4,0,0,0,28,3,109,29,53,86,12,5
FA90-0000-0310-07FF,500,240,27,2315,92025,2,0,0,0,20,0,0,0,24,1,0,0,0,0,14,0,0,0,31,0,34,16,152,4,13,7
FAF7-0000-031B-02D6,20,182,27,106,15376,17,0,0,0,4,0,0,5,0,21,0,0,5,5,11,0,0,0,0,5,4,0,0,0,0,0
FB3C-0000-0369-9F0D,500,134,27,1296,12218,14,0,0,0,8,0,0,0,0,0,12,0,32,0,0,0,0,0,126,0,229,4,0,6,0,204
FBC5-0000-0328-5623,500,130,27,96,19664,0,0,0,0,0,0,0,0,55,0,0,0,0,0,0,0,0,0,0,0,0,35,0,0,0,0
FBEF-0000-0308-32D3,500,240,27,2276,38204,0,0,0,10,0,1,0,0,109,44,0,0,7,17,7,2,0,0,14,1,18,5,56,5,0,42
FC35-0000-0317-C799,40,144,27,1597,24093,0,1,0,0,0,0,0,0,4,7,0,3,0,0,3,0,0,0,7,1,278,33,18,48,1,3
FC46-0000-0331-E5F8,30,84,27,1775,17866,0,4,0,15,0,0,0,0,0,0,0,0,0,0,0,0,0,0,0,0,0,0,4,8,0,0
FC9B-0000-0368-570C,300,240,27,4328,72521,3,3,1,1,0,0,0,0,0,2,1,0,0,0,3,0,0,0,80,0,25,25,15,31,3,289
FCB0-0000-0361-44B7,400,240,27,3937,84057,2,0,0,0,0,0,0,0,12,2,8,14,2,0,51,2,0,0,15,1,1068,314,70,38,37,230
FCD3-0000-036E-C6A9,420,240,27,1422,102666,7,0,0,0,0,0,0,0,52,0,1,0,0,2,4,0,0,1,1,0,11,0,22,17,2,64
FCD6-0000-0317-C343,200,84,27,2723,37323,0,0,0,0,0,0,0,0,45,0,0,0,0,0,0,0,0,0,0,0,32,31,71,8,9,61
FE35-0000-032A-22BA,30,240,27,778,21779,17,2,9,3,3,3,0,1,13,3,2,1,0,4,2,1,1,0,6,7,59,13,7,4,0,4
FE4E-0000-031C-5BD3,420,240,27,1766,73905,7,0,0,0,0,0,0,0,115,0,0,0,0,0,1,0,0,0,3,0,6,6,13,6,1,31
FE58-0000-0326-4998,90,240,27,4194,70700,0,0,0,0,0,0,0,0,87,73,0,1,2,10,3,0,0,0,6,11,73,6,24,8,4,139
FE76-0000-036D-B93B,20,228,27,1630,19450,22,0,0,0,0,0,0,0,1,0,0,0,52,0,0,0,0,0,7,0,179,0,3,0,21,8
FF26-0000-0318-F72C,10,24,27,678,3093,0,0,0,0,0,0,0,0,42,30,0,0,1,5,10,0,0,0,0,0,104,93,27,2,0,0
FF31-0000-0387-19B8,50,87,27,1139,37999,0,0,0,0,0,0,0,0,9,7,0,0,1,0,0,0,0,0,1,11,7,0,74,4,6,250
FF40-0000-0316-495D,10,51,27,537,6535,0,0,0,0,0,0,0,0,380,0,9,0,0,0,8,0,0,0,3,0,1,0,0,0,0,0
FFA5-0000-0339-6E71,500,194,27,445,19584,25,0,0,0,14,0,0,0,59,3,0,0,0,0,0,0,0,0,3,1,44,5,2,44,0,0
EADC-0000-0321-98C7,500,96,27,1172,26533,11,1,1,0,0,0,0,0,1,0,0,0,0,0,2,0,0,0,0,0,6,1,39,8,0,4
B190-0000-0332-2721,100,182,27,4196,65198,75,0,0,0,5,0,0,0,1557,5,1,0,0,0,0,0,0,0,0,0,278,85,5,8,0,436
